fips,year,chlamydia_rate,gonorrhea_rate,syphilis_rate,hiv_rate,state_abbrev,prep_users,prep_rate,male_prep_users,male_prep_rate,female_prep_users,female_prep_rate,age_le24_users,age_le24_rate,age_2534_users,age_2534_rate,age_3544_users,age_3544_rate,age_4554_users,age_4554_rate,black_prep_users,black_prep_rate,white_prep_users,white_prep_rate,hispanic_prep_users,hispanic_prep_rate,state,post_prep,grindr_index,male_ssp_share,chlamydia_rate_f,gonorrhea_rate_f,syphilis_rate_f,hiv_rate_f
1,2008,265.2,12.3,9.6,26.3,NA,NA,NA,NA,NA,NA,NA,NA,NA,NA,NA,NA,NA,NA,NA,NA,NA,NA,NA,NA,NA,Alabama,0,NA,1.3454705154309898,778.2,231.7,7.1,10.1
1,2009,285,12.3,8.9,27.9,NA,NA,NA,NA,NA,NA,NA,NA,NA,NA,NA,NA,NA,NA,NA,NA,NA,NA,NA,NA,NA,Alabama,0,NA,1.3454705154309898,800.8,174.9,5.7,7.9
1,2010,296,8,5.4,25.9,NA,NA,NA,NA,NA,NA,NA,NA,NA,NA,NA,NA,NA,NA,NA,NA,NA,NA,NA,NA,NA,Alabama,0,22,1.3454705154309898,813.4,180,3,8.8
1,2011,328.5,7.5,4.8,26.5,NA,NA,NA,NA,NA,NA,NA,NA,NA,NA,NA,NA,NA,NA,NA,NA,NA,NA,NA,NA,NA,Alabama,0,55,1.3454705154309898,858.7,206.5,2.2,7.3
1,2012,355.1,7.6,4.5,27.3,AL,130,3,96,5,35,2,7,1,35,6,30,5,44,7,60,6,61,2,NA,NA,Alabama,1,63,1.3454705154309898,891.1,209.2,1.5,6.3
1,2013,350.1,6.9,3.8,24.8,AL,142,4,95,5,47,2,9,1,46,7,26,4,41,6,81,8,55,2,0,0,Alabama,1,63,1.3454705154309898,848,187.6,0.9,6.5
1,2014,354.4,6.1,3.3,27.2,AL,144,4,106,5,38,2,12,2,48,8,43,7,24,4,62,6,68,2,NA,NA,Alabama,1,62,1.3454705154309898,826.5,163.9,0.7,6.2
1,2015,321,10.3,5.8,27.1,AL,285,7,241,12,45,2,34,4,95,15,75,12,64,10,75,7,199,7,0,0,Alabama,1,57,1.3454705154309898,746.7,145.1,1.5,6.9
1,2016,322,12.6,7.7,25.5,AL,597,15,536,27,61,3,86,11,215,34,133,22,119,18,164,15,400,15,30,21,Alabama,1,61,1.3454705154309898,762.8,163,3.2,6.6
1,2017,374.7,15,8.7,25.9,AL,1044,26,943,48,101,5,145,19,407,64,221,37,205,32,324,30,668,24,39,27,Alabama,1,50,1.3454705154309898,834.4,226.3,2.8,6.4
1,2018,372.7,16.5,9.8,24.7,AL,1552,38,1412,72,140,7,261,34,585,91,305,52,271,43,450,42,1046,38,39,26,Alabama,1,44,1.3454705154309898,773.9,243,3.5,5.4
2,2008,448.4,0.3,0.1,10.6,NA,NA,NA,NA,NA,NA,NA,NA,NA,NA,NA,NA,NA,NA,NA,NA,NA,NA,NA,NA,NA,Alaska,0,NA,1.9416058394160585,995,98.2,0,3
2,2009,499.8,0,0,4.1,NA,NA,NA,NA,NA,NA,NA,NA,NA,NA,NA,NA,NA,NA,NA,NA,NA,NA,NA,NA,NA,Alaska,0,NA,1.9416058394160585,1006.8,154.4,0,3.3
2,2010,553.8,0.8,0.4,8.3,NA,NA,NA,NA,NA,NA,NA,NA,NA,NA,NA,NA,NA,NA,NA,NA,NA,NA,NA,NA,NA,Alaska,0,0,1.9416058394160585,1156.8,203.9,0,4
2,2011,515.7,1.1,0.7,5.9,NA,NA,NA,NA,NA,NA,NA,NA,NA,NA,NA,NA,NA,NA,NA,NA,NA,NA,NA,NA,NA,Alaska,0,33,1.9416058394160585,1097.5,148.7,0.3,2.1
2,2012,470.6,2.6,1.5,6.1,AK,152,26,109,35,43,15,12,9,31,28,27,29,50,47,53,269,76,19,11,33,Alaska,1,54,1.9416058394160585,1049.7,110.1,0.3,3.2
2,2013,486.2,5.4,3.1,5.4,AK,101,17,96,31,24,8,6,5,13,11,16,17,21,21,18,89,63,16,12,35,Alaska,1,54,1.9416058394160585,1109.4,167.6,0.6,2.1
2,2014,479.5,3.6,2,9.5,AK,194,32,149,47,45,16,15,12,29,25,62,68,57,58,18,90,152,39,9,25,Alaska,1,63,1.9416058394160585,1123.4,189.6,0.3,2.5
2,2015,484.4,1.8,1.1,6.3,AK,226,38,190,60,36,13,22,17,64,54,64,70,61,63,29,145,160,41,18,49,Alaska,1,57,1.9416058394160585,1077.8,161.4,0.3,1.8
2,2016,487.3,2.1,1.1,9.1,AK,386,64,317,100,87,30,65,52,125,104,74,80,100,107,49,241,260,67,54,143,Alaska,1,74,1.9416058394160585,1077.2,208.8,0,2.8
2,2017,515.9,3.1,1.8,6.6,AK,602,100,519,164,84,29,60,50,227,188,127,137,120,132,117,572,408,107,57,148,Alaska,1,47,1.9416058394160585,1115.1,308.4,0.3,2.8
2,2018,570.9,13.3,7.5,6.4,AK,701,117,630,200,66,23,87,73,254,214,148,157,132,150,106,520,461,122,77,198,Alaska,1,43,1.9416058394160585,1127.4,300.5,1.1,1
4,2008,196.1,8,4.9,22.8,NA,NA,NA,NA,NA,NA,NA,NA,NA,NA,NA,NA,NA,NA,NA,NA,NA,NA,NA,NA,NA,Arizona,0,NA,2.409900857449089,567.5,48.8,1.7,3.2
4,2009,208.6,6.3,3.5,21.1,NA,NA,NA,NA,NA,NA,NA,NA,NA,NA,NA,NA,NA,NA,NA,NA,NA,NA,NA,NA,NA,Arizona,0,NA,2.409900857449089,582.6,45,0.7,2.9
4,2010,230.3,6.6,3.6,21.1,NA,NA,NA,NA,NA,NA,NA,NA,NA,NA,NA,NA,NA,NA,NA,NA,NA,NA,NA,NA,NA,Arizona,0,29,2.409900857449089,605.9,48.2,0.6,2.6
4,2011,250.2,8,4.2,18.7,NA,NA,NA,NA,NA,NA,NA,NA,NA,NA,NA,NA,NA,NA,NA,NA,NA,NA,NA,NA,NA,Arizona,0,57,2.409900857449089,651.2,68,0.5,2.7
4,2012,256.3,5.7,3.1,20,AZ,189,4,116,4,73,3,16,1,55,6,53,6,48,6,NA,NA,130,4,41,3,Arizona,1,58,2.409900857449089,670.1,85.8,0.5,3.3
4,2013,261.2,7.9,4.3,22,AZ,204,4,121,4,83,3,17,2,67,8,69,8,42,5,9,4,137,4,45,3,Arizona,1,58,2.409900857449089,657.9,93,0.8,3.1
4,2014,288.4,15.7,8.6,22.6,AZ,331,6,247,9,84,3,33,3,116,13,101,12,58,7,4,2,271,8,31,2,Arizona,1,67,2.409900857449089,672.1,105.3,1.5,3.9
4,2015,295.3,16,8.6,21.2,AZ,728,13,661,24,67,2,69,6,266,29,162,19,166,20,29,13,548,16,111,7,Arizona,1,65,2.409900857449089,649.4,102.1,1.4,3.2
4,2016,325.1,18.6,10.4,21.2,AZ,1482,26,1374,48,106,4,138,12,556,59,371,44,282,33,68,28,1127,33,241,15,Arizona,1,64,2.409900857449089,678.7,123.6,2.3,3.4
4,2017,372.9,22.4,13.4,21.2,AZ,2340,40,2193,76,143,5,224,20,883,92,574,66,407,48,64,26,1778,52,445,26,Arizona,1,52,2.409900857449089,746.6,147.3,4.5,3.3
4,2018,392.8,24.5,14.6,22.1,AZ,3563,59,3374,114,189,6,444,38,1378,140,862,98,530,62,111,43,2612,76,757,44,Arizona,1,49,2.409900857449089,742,148.1,4.9,3.2
5,2008,248.3,8.9,7.2,15.7,NA,NA,NA,NA,NA,NA,NA,NA,NA,NA,NA,NA,NA,NA,NA,NA,NA,NA,NA,NA,NA,Arkansas,0,NA,1.0957178841309825,728.4,172.5,5.5,3.4
5,2009,258.7,12.1,9.5,18.5,NA,NA,NA,NA,NA,NA,NA,NA,NA,NA,NA,NA,NA,NA,NA,NA,NA,NA,NA,NA,NA,Arkansas,0,NA,1.0957178841309825,726.7,174.2,7.1,4.8
5,2010,286.6,8.6,7,16.7,NA,NA,NA,NA,NA,NA,NA,NA,NA,NA,NA,NA,NA,NA,NA,NA,NA,NA,NA,NA,NA,Arkansas,0,48,1.0957178841309825,760,183.5,5.5,2.8
5,2011,285.6,7.3,6.2,15.6,NA,NA,NA,NA,NA,NA,NA,NA,NA,NA,NA,NA,NA,NA,NA,NA,NA,NA,NA,NA,NA,Arkansas,0,51,1.0957178841309825,796.6,179.6,5.1,3.9
5,2012,300.7,8.6,5.9,17.3,AR,42,2,30,3,13,1,5,1,11,3,9,2,12,3,6,2,31,2,NA,NA,Arkansas,1,64,1.0957178841309825,815.4,161.9,3.3,3.4
5,2013,282.4,9.2,6,16.8,AR,38,2,24,2,14,1,5,1,9,2,14,4,6,2,9,2,30,2,NA,NA,Arkansas,1,58,1.0957178841309825,752.6,143.4,2.9,4.7
5,2014,272,6.7,4.1,21.6,AR,40,2,32,3,10,1,11,2,12,3,11,3,6,2,11,3,29,2,NA,NA,Arkansas,1,70,1.0957178841309825,769.8,167.3,1.5,3.6
5,2015,278.7,7.4,4.5,18.1,AR,135,5,125,10,12,1,17,3,61,16,32,9,16,4,15,4,107,6,3,2,Arkansas,1,57,1.0957178841309825,797.9,165.7,1.7,4
5,2016,307.8,7.7,5,21.8,AR,265,11,246,20,18,1,32,7,97,25,83,23,39,10,42,11,214,12,6,4,Arkansas,1,74,1.0957178841309825,803.2,194.9,2.4,3.6
5,2017,330,11.5,7.8,19.5,AR,411,16,371,31,41,3,65,14,143,36,121,33,55,15,63,17,315,17,24,15,Arkansas,1,52,1.0957178841309825,815.7,230.9,4.2,3.7
5,2018,348.2,14.9,9.6,18.4,AR,582,23,538,44,44,3,103,22,206,52,166,45,72,20,97,26,443,24,32,19,Arkansas,1,44,1.0957178841309825,817,247.3,4.4,4.1
6,2008,240.9,11.4,6,33.3,NA,NA,NA,NA,NA,NA,NA,NA,NA,NA,NA,NA,NA,NA,NA,NA,NA,NA,NA,NA,NA,California,0,NA,2.881401426855972,571.1,63.7,0.6,4.8
6,2009,241.4,9.9,5.2,31.6,NA,NA,NA,NA,NA,NA,NA,NA,NA,NA,NA,NA,NA,NA,NA,NA,NA,NA,NA,NA,NA,California,0,NA,2.881401426855972,552.4,51.2,0.4,4.3
6,2010,254.7,10.7,5.5,30.6,NA,NA,NA,NA,NA,NA,NA,NA,NA,NA,NA,NA,NA,NA,NA,NA,NA,NA,NA,NA,NA,California,0,31,2.881401426855972,546.8,56.2,0.4,4.1
6,2011,275.8,12.4,6.5,29.1,NA,NA,NA,NA,NA,NA,NA,NA,NA,NA,NA,NA,NA,NA,NA,NA,NA,NA,NA,NA,NA,California,0,76,2.881401426855972,605.3,57.1,0.5,3.5
6,2012,281.1,15,7.8,28.9,CA,1303,4,973,6,325,2,115,2,396,7,350,7,255,5,37,2,850,6,251,2,California,1,91,2.881401426855972,598.9,68.3,0.6,3.4
6,2013,287.8,17.5,9.2,26.7,CA,1729,5,1384,9,341,2,139,2,582,10,451,9,346,7,58,3,1117,8,358,3,California,1,80,2.881401426855972,583.9,74,1.1,3.2
6,2014,316.6,18.3,9.9,28.8,CA,4474,14,4097,26,366,2,322,5,1566,27,1245,24,951,18,164,9,3154,24,765,7,California,1,68,2.881401426855972,593.7,82.4,1.6,3.6
6,2015,349,22.9,12.6,28.4,CA,10642,33,9985,62,650,4,896,14,3852,66,2817,55,2186,42,400,21,7346,56,2002,17,California,1,71,2.881401426855972,619.8,94,2.4,3.2
6,2016,378.3,26.4,15,28.1,CA,18460,57,17374,108,1065,6,1696,27,6995,118,4739,92,3419,66,772,41,12316,94,3781,32,California,1,81,2.881401426855972,628.8,106.1,3.8,3.7
6,2017,425.7,29.7,17,26.9,CA,25697,78,24235,149,1434,9,2614,41,9829,164,6457,124,4402,86,1131,60,16530,127,5712,48,California,1,67,2.881401426855972,682.2,124.3,4.6,3.3
6,2018,452.6,32.4,19.3,26.1,CA,34643,105,32634,200,1998,12,3896,62,13555,225,8471,162,5397,107,1427,75,22014,170,8140,67,California,1,52,2.881401426855972,715.6,133.2,6.3,3.5
8,2008,214.2,5,2.6,17.7,NA,NA,NA,NA,NA,NA,NA,NA,NA,NA,NA,NA,NA,NA,NA,NA,NA,NA,NA,NA,NA,Colorado,0,NA,2.8886045519754955,565.4,80.9,0.1,2.8
8,2009,206.8,3.9,2.1,15.8,NA,NA,NA,NA,NA,NA,NA,NA,NA,NA,NA,NA,NA,NA,NA,NA,NA,NA,NA,NA,NA,Colorado,0,NA,2.8886045519754955,593.6,60.4,0.2,2.2
8,2010,207.9,5.4,2.7,17.5,NA,NA,NA,NA,NA,NA,NA,NA,NA,NA,NA,NA,NA,NA,NA,NA,NA,NA,NA,NA,NA,Colorado,0,23,2.8886045519754955,563.5,60.1,0.1,2.8
8,2011,236,5,2.6,14.8,NA,NA,NA,NA,NA,NA,NA,NA,NA,NA,NA,NA,NA,NA,NA,NA,NA,NA,NA,NA,NA,Colorado,0,44,2.8886045519754955,616.6,50.3,0.2,2.2
8,2012,236.4,7.9,4,14.7,CO,92,2,55,3,36,2,16,2,30,4,26,4,16,2,7,4,64,2,11,1,Colorado,1,59,2.8886045519754955,597.7,52.6,0.1,2.5
8,2013,228.9,6,3.1,12.3,CO,126,3,94,4,33,2,28,3,43,6,25,3,28,4,4,2,97,3,17,2,Colorado,1,56,2.8886045519754955,545.9,47.3,0.2,1.9
8,2014,259,6.7,3.5,14.9,CO,308,7,261,12,48,2,37,4,122,15,83,11,51,7,18,10,229,7,36,4,Colorado,1,60,2.8886045519754955,559.5,49.5,0.2,2.2
8,2015,281.3,8.7,4.5,14,CO,876,19,797,35,79,3,126,14,357,43,192,26,146,20,40,23,685,21,109,12,Colorado,1,55,2.8886045519754955,595.8,67.6,0.2,2.2
8,2016,309.5,8.4,4.5,15.9,CO,1472,32,1378,59,95,4,165,19,614,72,362,48,248,35,69,38,1166,35,194,22,Colorado,1,58,2.8886045519754955,615.6,84.4,0.6,2
8,2017,344.9,9.7,5.2,16.4,CO,2247,48,2104,89,141,6,272,31,948,108,566,74,339,47,119,64,1755,53,315,34,Colorado,1,50,2.8886045519754955,619.1,124.3,0.6,1.7
8,2018,371.6,10.9,5.9,14.8,CO,3209,67,3023,126,184,8,406,46,1390,155,778,100,445,63,165,87,2498,74,454,48,Colorado,1,44,2.8886045519754955,653.8,127,0.9,1.7
9,2008,190.6,2,1,17,NA,NA,NA,NA,NA,NA,NA,NA,NA,NA,NA,NA,NA,NA,NA,NA,NA,NA,NA,NA,NA,Connecticut,0,NA,1.6489240072156304,516,94.2,0,6.7
9,2009,185.5,3.7,1.8,17.7,NA,NA,NA,NA,NA,NA,NA,NA,NA,NA,NA,NA,NA,NA,NA,NA,NA,NA,NA,NA,NA,Connecticut,0,NA,1.6489240072156304,497.7,83,0.1,5.6
9,2010,196.6,5.3,2.7,18.8,NA,NA,NA,NA,NA,NA,NA,NA,NA,NA,NA,NA,NA,NA,NA,NA,NA,NA,NA,NA,NA,Connecticut,0,32,1.6489240072156304,502.1,78.9,0.3,7.2
9,2011,218.9,3.4,1.8,17.2,NA,NA,NA,NA,NA,NA,NA,NA,NA,NA,NA,NA,NA,NA,NA,NA,NA,NA,NA,NA,NA,Connecticut,0,50,1.6489240072156304,533.7,74.9,0.3,5.9
9,2012,201.2,2.6,1.5,14.6,CT,79,3,44,3,35,2,15,3,24,6,18,4,11,2,6,2,42,2,32,8,Connecticut,1,74,1.6489240072156304,513.4,62.6,0.5,4.6
9,2013,198.7,2.7,1.6,17.3,CT,107,4,63,4,45,3,17,3,43,10,17,4,17,3,12,4,66,3,21,5,Connecticut,1,72,1.6489240072156304,499.8,77,0.4,4.2
9,2014,214.3,4.5,2.4,14.5,CT,196,6,156,11,40,3,39,7,69,16,42,10,27,5,20,7,139,6,34,8,Connecticut,1,59,1.6489240072156304,516.5,60.2,0.4,4.8
9,2015,224.4,4.4,2.6,14.1,CT,490,16,427,29,63,4,93,16,176,40,107,25,73,14,62,21,344,16,65,15,Connecticut,1,62,1.6489240072156304,494.7,46.3,0.8,4.2
9,2016,244.6,5.6,3.1,13.8,CT,999,33,883,60,119,8,167,29,358,82,211,50,163,31,149,50,655,31,154,36,Connecticut,1,72,1.6489240072156304,518,63.6,0.7,3.3
9,2017,322.3,5.6,3.1,13.4,CT,1584,52,1382,93,207,13,300,52,570,129,342,81,223,44,214,71,1037,49,262,59,Connecticut,1,65,1.6489240072156304,627.6,90.7,0.7,4.7
9,2018,334.6,4.8,2.5,13.4,CT,2247,73,1964,133,283,18,446,78,843,189,454,107,316,64,292,95,1476,70,391,85,Connecticut,1,52,1.6489240072156304,587.7,105.9,0.3,3.7
10,2008,252.5,2.3,1.8,30,NA,NA,NA,NA,NA,NA,NA,NA,NA,NA,NA,NA,NA,NA,NA,NA,NA,NA,NA,NA,NA,Delaware,0,NA,1.8606711706722785,620.4,134.8,1.3,12.2
10,2009,265.8,3.7,3.1,31.1,NA,NA,NA,NA,NA,NA,NA,NA,NA,NA,NA,NA,NA,NA,NA,NA,NA,NA,NA,NA,NA,Delaware,0,NA,1.8606711706722785,788.1,124.4,2.4,10.2
10,2010,268.1,1.8,1,26,NA,NA,NA,NA,NA,NA,NA,NA,NA,NA,NA,NA,NA,NA,NA,NA,NA,NA,NA,NA,NA,Delaware,0,0,1.8606711706722785,710.4,133.9,0.2,6.9
10,2011,299.8,5.9,3,23.3,NA,NA,NA,NA,NA,NA,NA,NA,NA,NA,NA,NA,NA,NA,NA,NA,NA,NA,NA,NA,NA,Delaware,0,63,1.8606711706722785,681.6,100.6,0.2,7.3
10,2012,283.6,8.1,4.2,26.6,DE,49,6,19,5,31,8,13,9,14,12,10,9,6,5,35,22,14,3,3,5,Delaware,1,52,1.8606711706722785,674,105.1,0.4,9.5
10,2013,335.3,11,5.6,22,DE,47,6,23,6,26,6,14,9,9,8,12,11,9,7,16,10,34,7,NA,NA,Delaware,1,73,1.8606711706722785,779.3,160.1,0.6,7.2
10,2014,307.7,10,5,18.8,DE,60,8,43,11,17,4,8,5,23,19,11,10,14,11,14,9,37,7,7,12,Delaware,1,71,1.8606711706722785,641,144,0.4,10.7
10,2015,326.4,8.6,4.4,22.8,DE,106,13,89,23,18,4,17,12,39,31,14,13,22,17,20,12,77,15,10,16,Delaware,1,74,1.8606711706722785,642.1,132,0.4,4.6
10,2016,367.6,12,6.1,22.3,DE,190,24,157,41,34,8,32,22,58,46,30,28,41,32,48,28,128,24,13,21,Delaware,1,68,1.8606711706722785,750.6,163.1,0.6,6.2
10,2017,395.6,11,6,22.6,DE,278,34,248,64,30,7,34,24,87,68,51,47,55,44,68,40,183,35,20,31,Delaware,1,100,1.8606711706722785,720.7,153.2,1.2,8.3
10,2018,435.1,4.9,3.1,17.8,DE,404,49,372,95,32,8,44,31,148,115,86,77,63,52,91,52,268,51,35,52,Delaware,1,57,1.8606711706722785,800.6,146,1.4,5.1
12,2008,204.9,9.4,5.7,54.1,NA,NA,NA,NA,NA,NA,NA,NA,NA,NA,NA,NA,NA,NA,NA,NA,NA,NA,NA,NA,NA,Florida,0,NA,2.11680666427842,559.1,131.5,2.1,20.1
12,2009,219.9,9.8,5.6,47.9,NA,NA,NA,NA,NA,NA,NA,NA,NA,NA,NA,NA,NA,NA,NA,NA,NA,NA,NA,NA,NA,Florida,0,NA,2.11680666427842,562.1,114.5,1.6,16.3
12,2010,231.9,11.3,6.3,43.5,NA,NA,NA,NA,NA,NA,NA,NA,NA,NA,NA,NA,NA,NA,NA,NA,NA,NA,NA,NA,NA,Florida,0,41,2.11680666427842,553.5,106.3,1.5,14.1
12,2011,232.7,12.1,6.6,42.8,NA,NA,NA,NA,NA,NA,NA,NA,NA,NA,NA,NA,NA,NA,NA,NA,NA,NA,NA,NA,NA,Florida,0,67,2.11680666427842,557.4,102.7,1.4,13.2
12,2012,233.3,13.1,7.1,41,FL,981,6,625,8,350,4,81,3,221,9,255,11,281,10,225,9,469,5,251,7,Florida,1,71,2.11680666427842,564,97,1.4,11.5
12,2013,243.8,14.4,7.7,39.2,FL,708,4,443,5,265,3,61,2,183,7,192,8,175,6,131,5,342,4,195,5,Florida,1,58,2.11680666427842,567.5,97.3,1.4,11.8
12,2014,260.1,16.5,8.8,41.2,FL,1201,7,942,11,260,3,105,4,347,14,304,13,291,11,158,6,735,7,261,7,Florida,1,71,2.11680666427842,579.8,91,1.4,10.5
12,2015,286.7,19,10.3,41.6,FL,2976,17,2682,32,294,3,213,7,906,35,778,32,735,27,276,11,1914,19,683,17,Florida,1,68,2.11680666427842,600.9,97.6,2,10.2
12,2016,310.3,21.2,11.7,40.3,FL,5643,32,5150,60,486,5,485,16,1795,67,1441,58,1247,45,629,24,3515,35,1314,31,Florida,1,84,2.11680666427842,602,109.1,2.5,10.5
12,2017,329.9,20.2,11.4,38.4,FL,8435,47,7800,89,633,7,822,28,2788,101,2032,81,1759,64,921,35,5011,50,2179,49,Florida,1,64,2.11680666427842,617.6,119.2,3,10
12,2018,348.8,24.3,13.6,37.7,FL,14529,80,13423,152,1103,12,1493,51,5055,182,3475,136,2743,100,1772,66,8236,81,4013,88,Florida,1,52,2.11680666427842,630.9,119.1,3.3,8.9
13,2008,224.3,17.2,9.4,60.9,NA,NA,NA,NA,NA,NA,NA,NA,NA,NA,NA,NA,NA,NA,NA,NA,NA,NA,NA,NA,NA,Georgia,0,NA,2.301292861157954,640,176.4,1.9,19.6
13,2009,217.7,17.6,9.7,56.7,NA,NA,NA,NA,NA,NA,NA,NA,NA,NA,NA,NA,NA,NA,NA,NA,NA,NA,NA,NA,NA,Georgia,0,NA,2.301292861157954,583.4,145.5,2,16.8
13,2010,252.4,15,8.2,51.7,NA,NA,NA,NA,NA,NA,NA,NA,NA,NA,NA,NA,NA,NA,NA,NA,NA,NA,NA,NA,NA,Georgia,0,34,2.301292861157954,661.1,166.9,1.6,15.6
13,2011,292,13,6.9,52.2,NA,NA,NA,NA,NA,NA,NA,NA,NA,NA,NA,NA,NA,NA,NA,NA,NA,NA,NA,NA,NA,Georgia,0,64,2.301292861157954,794.1,171.2,1.2,14.1
13,2012,300.4,18,9.5,51.4,GA,643,8,413,11,228,5,53,3,202,15,183,13,152,11,310,13,232,5,40,6,Georgia,1,64,2.301292861157954,739.2,156.3,1.3,13
13,2013,289.1,19.1,10.2,47,GA,418,5,286,7,130,3,26,2,128,9,103,8,100,7,162,7,221,5,18,3,Georgia,1,56,2.301292861157954,715.7,138.2,1.7,10.6
13,2014,300.3,23.2,12.3,47.6,GA,901,11,762,19,140,3,67,4,280,20,269,20,205,15,282,11,522,11,53,8,Georgia,1,54,2.301292861157954,714.5,127,1.9,10.4
13,2015,347.1,26.6,13.9,52.2,GA,1855,22,1671,41,184,4,124,7,666,48,530,39,392,28,525,20,1151,24,128,19,Georgia,1,52,2.301292861157954,772,140.3,1.8,11.3
13,2016,385.6,24.7,13.1,49,GA,3448,40,3146,77,304,7,287,17,1185,83,954,70,718,51,1064,41,2094,44,231,33,Georgia,1,56,2.301292861157954,820.5,173.2,2.1,11.2
13,2017,411.4,26.7,14.3,48.6,GA,4492,52,4149,100,344,8,424,25,1604,111,1139,84,922,65,1414,53,2706,57,299,41,Georgia,1,43,2.301292861157954,824.7,184.7,2.6,12.3
13,2018,424.3,27.8,15.3,47.1,GA,6187,71,5701,136,489,11,646,37,2244,153,1551,113,1181,84,2038,75,3661,77,371,49,Georgia,1,38,2.301292861157954,813.1,161.5,3.4,11.2
15,2008,241.1,3.4,2.3,13.1,NA,NA,NA,NA,NA,NA,NA,NA,NA,NA,NA,NA,NA,NA,NA,NA,NA,NA,NA,NA,NA,Hawaii,0,NA,1.898485918255276,698.7,47.1,1.1,1.9
15,2009,249.6,4.1,2.6,12.9,NA,NA,NA,NA,NA,NA,NA,NA,NA,NA,NA,NA,NA,NA,NA,NA,NA,NA,NA,NA,NA,Hawaii,0,NA,1.898485918255276,690.8,41.5,0.9,2.6
15,2010,245.1,4.1,2.6,15.1,NA,NA,NA,NA,NA,NA,NA,NA,NA,NA,NA,NA,NA,NA,NA,NA,NA,NA,NA,NA,NA,Hawaii,0,43,1.898485918255276,637.6,46.1,1,2.1
15,2011,244.2,2,1,12.2,NA,NA,NA,NA,NA,NA,NA,NA,NA,NA,NA,NA,NA,NA,NA,NA,NA,NA,NA,NA,NA,Hawaii,0,80,1.898485918255276,626.7,39.7,0,1.7
15,2012,270,3,1.6,12,HI,23,2,13,2,10,2,3,1,6,3,NA,NA,5,3,NA,NA,NA,NA,NA,NA,Hawaii,1,100,1.898485918255276,640.2,43,0.3,1.9
15,2013,282.1,6.5,3.3,14.9,HI,42,4,26,4,17,3,5,2,9,4,8,5,9,5,NA,NA,11,4,NA,NA,Hawaii,1,89,1.898485918255276,662.5,37.6,0,1
15,2014,274.4,9.3,4.8,15,HI,78,7,67,11,11,2,4,2,24,12,17,10,20,11,NA,NA,39,14,8,8,Hawaii,1,100,1.898485918255276,634.9,49.7,0.3,1.5
15,2015,329.1,12.6,6.4,17.6,HI,167,14,145,24,23,4,13,6,53,26,42,24,37,21,5,22,96,34,8,8,Hawaii,1,100,1.898485918255276,667.3,63.1,0.1,1.5
15,2016,337.5,14.2,7.8,11.2,HI,329,27,304,51,26,4,45,22,98,47,80,45,67,38,12,52,193,68,15,14,Hawaii,1,100,1.898485918255276,630.8,77.6,1.4,1.5
15,2017,339.6,12.3,6.6,11.4,HI,421,35,396,66,26,4,46,23,128,62,113,63,78,45,11,47,231,82,40,38,Hawaii,1,75,1.898485918255276,623.1,67,0.8,1
15,2018,409.3,12,6.5,11.4,HI,638,53,598,100,40,7,66,33,204,101,176,98,113,66,17,73,313,113,74,69,Hawaii,1,48,1.898485918255276,678.3,74.9,1,1
16,2008,147.6,0.8,0.5,6.7,NA,NA,NA,NA,NA,NA,NA,NA,NA,NA,NA,NA,NA,NA,NA,NA,NA,NA,NA,NA,NA,Idaho,0,NA,1.8290359456369871,401.8,11.9,0.1,1.1
16,2009,135.4,0.4,0.2,6.8,NA,NA,NA,NA,NA,NA,NA,NA,NA,NA,NA,NA,NA,NA,NA,NA,NA,NA,NA,NA,NA,Idaho,0,NA,1.8290359456369871,360.4,6.6,0,0.6
16,2010,150.4,0.8,0.4,5.9,NA,NA,NA,NA,NA,NA,NA,NA,NA,NA,NA,NA,NA,NA,NA,NA,NA,NA,NA,NA,NA,Idaho,0,38,1.8290359456369871,384.5,8.7,0,1.6
16,2011,169.8,1.5,0.8,4.6,NA,NA,NA,NA,NA,NA,NA,NA,NA,NA,NA,NA,NA,NA,NA,NA,NA,NA,NA,NA,NA,Idaho,0,31,1.8290359456369871,423,10,0.1,0.9
16,2012,168.3,3,1.6,4.8,ID,29,2,21,3,7,1,6,2,11,5,9,5,NA,NA,NA,NA,3,0,NA,NA,Idaho,1,45,1.8290359456369871,402.5,7.9,0.3,0.8
16,2013,189.3,1.9,0.9,3.5,ID,34,3,21,3,13,2,4,1,12,6,11,6,6,3,NA,NA,27,2,NA,NA,Idaho,1,40,1.8290359456369871,483.1,10.8,0,0.3
16,2014,189.3,1.5,0.7,3.3,ID,31,2,25,4,5,1,NA,NA,12,6,12,6,3,2,NA,NA,9,1,NA,NA,Idaho,1,48,1.8290359456369871,478.6,24.1,0,0
16,2015,201.1,5.8,3.5,5.2,ID,90,7,83,12,7,1,15,5,37,17,20,10,14,7,5,59,74,7,8,6,Idaho,1,69,1.8290359456369871,481,23.9,1.1,0.7
16,2016,221.8,5.2,3,5.3,ID,184,13,172,25,13,2,33,12,63,28,46,22,31,16,12,132,156,14,10,7,Idaho,1,49,1.8290359456369871,479,28.2,0.7,1.2
16,2017,231.3,5.7,3.7,5.9,ID,244,17,227,32,17,2,40,14,102,45,52,24,40,20,10,103,216,18,13,8,Idaho,1,40,1.8290359456369871,489.7,41.6,1.7,0.6
16,2018,239.6,4.7,2.6,4.3,ID,359,25,339,47,20,3,67,23,146,63,82,37,44,22,NA,NA,329,27,22,14,Idaho,1,40,1.8290359456369871,509.8,58.3,0.6,1
17,2008,253.9,8.2,4.3,25.9,NA,NA,NA,NA,NA,NA,NA,NA,NA,NA,NA,NA,NA,NA,NA,NA,NA,NA,NA,NA,NA,Illinois,0,NA,1.6317922362103838,661.8,174.1,0.6,8
17,2009,251.3,10.9,5.8,25.7,NA,NA,NA,NA,NA,NA,NA,NA,NA,NA,NA,NA,NA,NA,NA,NA,NA,NA,NA,NA,NA,Illinois,0,NA,1.6317922362103838,681.2,172,0.8,6.8
17,2010,253.4,12.7,7.1,25.9,NA,NA,NA,NA,NA,NA,NA,NA,NA,NA,NA,NA,NA,NA,NA,NA,NA,NA,NA,NA,NA,Illinois,0,37,1.6317922362103838,681.6,136.4,1.7,5.5
17,2011,286.5,12.7,6.8,24.9,NA,NA,NA,NA,NA,NA,NA,NA,NA,NA,NA,NA,NA,NA,NA,NA,NA,NA,NA,NA,NA,Illinois,0,60,1.6317922362103838,712.8,144.9,1.2,5.7
17,2012,300.3,11.6,6.2,25.9,IL,378,4,263,5,113,2,62,3,108,6,75,4,73,4,80,5,187,3,61,4,Illinois,1,65,1.6317922362103838,740.2,149.9,1.1,5.3
17,2013,283.5,11.5,6.2,24.9,IL,443,4,307,6,133,2,63,3,145,8,109,6,70,4,64,4,281,4,49,3,Illinois,1,59,1.6317922362103838,697,130.6,1,5
17,2014,314.8,12.4,6.7,24.5,IL,1705,16,1541,29,166,3,180,9,725,40,449,27,253,14,207,14,1196,17,201,13,Illinois,1,58,1.6317922362103838,709.1,115.2,1.2,4.5
17,2015,347.9,15.9,8.4,24.9,IL,4032,38,3798,73,231,4,397,19,1776,100,1062,64,605,35,528,35,2843,41,480,29,Illinois,1,53,1.6317922362103838,722.2,117.6,1.3,4.4
17,2016,381.2,18.5,9.8,23.8,IL,6885,64,6481,124,403,7,763,37,2954,166,1729,105,1061,62,848,57,4804,70,965,58,Illinois,1,62,1.6317922362103838,737.8,136.7,1.5,4.4
17,2017,415.5,18.2,9.6,22.4,IL,9901,92,9236,177,664,12,1288,64,4158,234,2411,147,1409,84,1294,87,6814,100,1415,84,Illinois,1,51,1.6317922362103838,758.9,150,1.3,4.1
17,2018,440.8,20.6,11.1,22,IL,13321,125,12457,239,864,16,1785,89,5759,326,3170,194,1748,107,1753,118,9014,134,2043,120,Illinois,1,48,1.6317922362103838,768.7,155.5,1.9,4.3
18,2008,177,3.9,2.2,14.2,NA,NA,NA,NA,NA,NA,NA,NA,NA,NA,NA,NA,NA,NA,NA,NA,NA,NA,NA,NA,NA,Indiana,0,NA,1.457806519366027,509.9,156.1,0.5,3.7
18,2009,173.9,4.6,2.5,13.9,NA,NA,NA,NA,NA,NA,NA,NA,NA,NA,NA,NA,NA,NA,NA,NA,NA,NA,NA,NA,NA,Indiana,0,NA,1.457806519366027,496.4,122.5,0.4,3.7
18,2010,202,4.9,2.7,14.7,NA,NA,NA,NA,NA,NA,NA,NA,NA,NA,NA,NA,NA,NA,NA,NA,NA,NA,NA,NA,NA,Indiana,0,25,1.457806519366027,495.7,109.1,0.6,3.5
18,2011,239.5,5,2.7,14.9,NA,NA,NA,NA,NA,NA,NA,NA,NA,NA,NA,NA,NA,NA,NA,NA,NA,NA,NA,NA,NA,Indiana,0,43,1.457806519366027,606.2,111.5,0.4,2.8
18,2012,243.9,6.3,3.4,14.9,IN,112,2,53,2,61,2,29,3,32,4,26,3,14,2,12,3,86,2,5,2,Indiana,1,59,1.457806519366027,651.8,124.7,0.7,3.3
18,2013,238.3,6.1,3.3,14.5,IN,117,2,53,2,63,2,25,2,37,4,30,4,16,2,18,4,85,2,5,2,Indiana,1,54,1.457806519366027,609.2,113.9,0.5,3.1
18,2014,243.9,4.8,2.5,14.1,IN,180,3,125,5,53,2,26,2,71,8,41,5,27,3,21,4,133,3,15,5,Indiana,1,61,1.457806519366027,615.4,114.2,0.3,3.1
18,2015,260.7,7.9,4.3,18.1,IN,491,9,400,15,90,3,68,6,181,21,133,16,77,9,67,14,385,9,27,9,Indiana,1,51,1.457806519366027,608.2,118.9,0.8,5.3
18,2016,280.5,8.9,4.9,14.2,IN,1038,19,859,32,179,6,163,15,371,43,245,30,177,20,145,29,835,19,54,17,Indiana,1,62,1.457806519366027,644,143,1.1,3.7
18,2017,325.2,8.9,4.8,15,IN,1552,28,1364,50,188,7,243,22,595,69,342,42,256,30,216,43,1228,27,92,27,Indiana,1,60,1.457806519366027,698.8,175.7,0.8,3.8
18,2018,337.2,10.3,5.5,14.7,IN,2246,40,2032,74,215,8,355,32,912,104,462,56,346,41,314,61,1745,39,149,43,Indiana,1,47,1.457806519366027,700.3,179.2,0.8,4
19,2008,168.3,0.9,0.5,6.4,NA,NA,NA,NA,NA,NA,NA,NA,NA,NA,NA,NA,NA,NA,NA,NA,NA,NA,NA,NA,NA,Iowa,0,NA,1.4419414517357712,454.1,67.6,0.2,1.3
19,2009,176.3,1.1,0.8,8.3,NA,NA,NA,NA,NA,NA,NA,NA,NA,NA,NA,NA,NA,NA,NA,NA,NA,NA,NA,NA,NA,Iowa,0,NA,1.4419414517357712,446,68.9,0.4,1.7
19,2010,193.9,1.1,0.6,7.6,NA,NA,NA,NA,NA,NA,NA,NA,NA,NA,NA,NA,NA,NA,NA,NA,NA,NA,NA,NA,NA,Iowa,0,0,1.4419414517357712,494.3,76.6,0.2,1.5
19,2011,201.2,1,0.7,7.4,NA,NA,NA,NA,NA,NA,NA,NA,NA,NA,NA,NA,NA,NA,NA,NA,NA,NA,NA,NA,NA,Iowa,0,34,1.4419414517357712,494.5,78.7,0.3,1.5
19,2012,208.6,4.1,2.3,7.7,IA,32,1,14,1,18,1,5,1,10,3,11,3,4,1,NA,NA,21,1,5,4,Iowa,1,50,1.4419414517357712,528.5,75.5,0.5,1.5
19,2013,199.2,6.3,3.4,6.9,IA,26,1,15,1,10,1,NA,NA,9,2,8,2,3,1,NA,NA,16,1,NA,NA,Iowa,1,55,1.4419414517357712,506.7,52.1,0.6,2.5
19,2014,221.4,4.3,2.3,6,IA,56,2,43,3,14,1,8,2,18,5,16,4,9,2,NA,NA,46,2,NA,NA,Iowa,1,55,1.4419414517357712,535.7,55.1,0.4,1.3
19,2015,239.3,4.5,2.4,7.5,IA,168,6,147,11,21,2,28,5,61,16,44,12,26,7,8,10,146,6,5,4,Iowa,1,62,1.4419414517357712,533.3,71.5,0.3,2
19,2016,264,5.3,2.8,8.1,IA,364,14,333,26,28,2,53,10,138,35,79,22,53,14,24,29,324,14,12,9,Iowa,1,60,1.4419414517357712,563.6,80.5,0.4,2.1
19,2017,296.3,5.9,3.2,7.7,IA,727,28,682,53,44,3,114,22,298,75,158,42,106,28,27,31,679,30,13,10,Iowa,1,57,1.4419414517357712,586.7,119.5,0.6,1.8
19,2018,312,4.8,2.7,6.4,IA,1165,44,1081,83,84,6,206,39,482,121,264,70,132,36,50,55,1062,46,24,17,Iowa,1,60,1.4419414517357712,619.2,156.5,0.7,2.4
20,2008,130.1,1.8,1.1,10.2,NA,NA,NA,NA,NA,NA,NA,NA,NA,NA,NA,NA,NA,NA,NA,NA,NA,NA,NA,NA,NA,Kansas,0,NA,1.5949508767566225,526.1,103.7,0.4,2.1
20,2009,164.4,1.6,1.1,9.8,NA,NA,NA,NA,NA,NA,NA,NA,NA,NA,NA,NA,NA,NA,NA,NA,NA,NA,NA,NA,NA,Kansas,0,NA,1.5949508767566225,579,108.7,0.6,3.5
20,2010,151.8,1.3,0.7,10.1,NA,NA,NA,NA,NA,NA,NA,NA,NA,NA,NA,NA,NA,NA,NA,NA,NA,NA,NA,NA,NA,Kansas,0,27,1.5949508767566225,517.3,85.8,0.1,1.7
20,2011,171.3,1.7,0.8,9.9,NA,NA,NA,NA,NA,NA,NA,NA,NA,NA,NA,NA,NA,NA,NA,NA,NA,NA,NA,NA,NA,Kansas,0,39,1.5949508767566225,564.5,94.1,0,1.8
20,2012,188,1.5,0.8,10.7,KS,47,2,19,2,28,2,7,1,23,6,11,3,8,2,3,2,36,2,NA,NA,Kansas,1,54,1.5949508767566225,581.5,92.3,0.1,2.3
20,2013,186.8,3.3,1.8,10.7,KS,50,2,23,2,27,2,8,2,22,6,11,3,8,2,NA,NA,40,2,NA,NA,Kansas,1,53,1.5949508767566225,572.5,84.1,0.3,1.8
20,2014,196.6,3.2,2.1,8.7,KS,71,3,52,4,23,2,14,3,21,5,22,6,9,2,10,7,51,3,4,2,Kansas,1,52,1.5949508767566225,568.4,100.5,1,2.2
20,2015,216.6,4.8,3,10.6,KS,185,8,160,14,25,2,33,7,59,15,40,12,44,12,9,7,157,8,12,5,Kansas,1,42,1.5949508767566225,570.3,86.5,1.2,2.2
20,2016,239.4,7.7,4.3,10.4,KS,343,14,305,26,40,3,51,10,123,32,77,22,66,19,18,13,300,16,18,7,Kansas,1,60,1.5949508767566225,594.8,116,0.8,2.2
20,2017,281.7,8.1,4.6,7.5,KS,520,22,476,40,45,4,73,15,208,54,106,30,88,26,15,11,461,25,38,15,Kansas,1,38,1.5949508767566225,649,155.5,1.1,2.1
20,2018,305.8,8.8,5.2,10.8,KS,742,31,688,58,54,4,113,23,298,78,152,43,115,34,32,24,623,33,74,29,Kansas,1,40,1.5949508767566225,670.6,179,1.6,2.1
21,2008,167,3.8,2.2,17.1,NA,NA,NA,NA,NA,NA,NA,NA,NA,NA,NA,NA,NA,NA,NA,NA,NA,NA,NA,NA,NA,Kentucky,0,NA,1.1403197898642874,394.3,114.8,0.6,2.7
21,2009,172.3,4.2,2.1,15.8,NA,NA,NA,NA,NA,NA,NA,NA,NA,NA,NA,NA,NA,NA,NA,NA,NA,NA,NA,NA,NA,Kentucky,0,NA,1.1403197898642874,438.2,97.1,0.2,3.5
21,2010,209.8,6.1,3.2,14.5,NA,NA,NA,NA,NA,NA,NA,NA,NA,NA,NA,NA,NA,NA,NA,NA,NA,NA,NA,NA,NA,Kentucky,0,43,1.1403197898642874,536.9,112.6,0.4,3.8
21,2011,212.9,5.1,3,14.6,NA,NA,NA,NA,NA,NA,NA,NA,NA,NA,NA,NA,NA,NA,NA,NA,NA,NA,NA,NA,NA,Kentucky,0,56,1.1403197898642874,540.1,116.9,0.9,2.5
21,2012,224.6,6.3,3.4,17,KY,35,1,19,1,17,1,4,1,12,2,8,1,8,1,8,3,19,1,0,0,Kentucky,1,60,1.1403197898642874,555.3,104.5,0.6,2.9
21,2013,229.9,4.8,2.8,16.1,KY,38,1,19,1,18,1,3,0,10,2,6,1,12,2,5,2,23,1,NA,NA,Kentucky,1,66,1.1403197898642874,540.8,104.3,0.8,3.2
21,2014,238.9,6.3,3.6,15.6,KY,81,2,59,3,23,1,14,2,19,3,24,4,20,3,5,2,62,2,7,7,Kentucky,1,64,1.1403197898642874,553.7,101.3,1,3
21,2015,241.8,5.6,3.3,15.6,KY,237,6,209,12,29,2,38,5,68,12,56,10,56,9,27,9,200,6,4,4,Kentucky,1,61,1.1403197898642874,540.7,99.9,1,2.9
21,2016,255.7,9.1,4.9,15.8,KY,511,14,472,26,41,2,68,10,189,33,127,23,93,16,62,21,425,13,11,10,Kentucky,1,66,1.1403197898642874,548.2,120.6,0.9,2.7
21,2017,282.4,10.1,5.9,16.2,KY,768,21,714,39,52,3,93,13,306,53,183,33,138,23,95,32,649,20,16,14,Kentucky,1,58,1.1403197898642874,577.1,154,1.8,3.7
21,2018,284.4,13.5,8.2,16.9,KY,1163,31,1088,60,74,4,150,21,449,77,282,51,200,35,144,48,968,30,39,32,Kentucky,1,52,1.1403197898642874,576.7,160.9,3.1,3.5
22,2008,241.5,18.5,15.9,39.7,NA,NA,NA,NA,NA,NA,NA,NA,NA,NA,NA,NA,NA,NA,NA,NA,NA,NA,NA,NA,NA,Louisiana,0,NA,1.4568045544082948,755.4,226.6,13.4,19.1
22,2009,312.9,17.9,16.5,44.1,NA,NA,NA,NA,NA,NA,NA,NA,NA,NA,NA,NA,NA,NA,NA,NA,NA,NA,NA,NA,NA,Louisiana,0,NA,1.4568045544082948,899.5,222.5,15.2,20.3
22,2010,299.3,12.8,12,43.2,NA,NA,NA,NA,NA,NA,NA,NA,NA,NA,NA,NA,NA,NA,NA,NA,NA,NA,NA,NA,NA,Louisiana,0,45,1.4568045544082948,886.4,207.9,10.8,16.4
22,2011,337.9,12,9.8,45.4,NA,NA,NA,NA,NA,NA,NA,NA,NA,NA,NA,NA,NA,NA,NA,NA,NA,NA,NA,NA,NA,Louisiana,0,72,1.4568045544082948,1001.2,225.3,7.7,17.9
22,2012,304.1,9.4,7.4,38.7,LA,155,4,96,5,59,3,17,2,43,7,40,7,32,5,76,6,69,3,8,5,Louisiana,1,82,1.4568045544082948,872.8,216.2,5.4,15
22,2013,330.6,13.6,9.1,45.1,LA,122,3,74,4,48,2,12,2,34,5,27,5,29,5,46,4,62,3,9,5,Louisiana,1,71,1.4568045544082948,900.2,208.6,4.9,14
22,2014,336.8,19.5,12.4,47,LA,255,7,180,10,73,4,33,4,75,11,63,11,61,10,119,10,113,5,20,12,Louisiana,1,69,1.4568045544082948,898.1,212.9,5.6,15.7
22,2015,393.1,22.2,14.9,43.9,LA,593,15,505,27,88,4,98,13,255,38,125,22,75,12,190,16,347,15,33,19,Louisiana,1,69,1.4568045544082948,980.4,232.4,7.9,13.2
22,2016,383.9,24.4,16,42.6,LA,1188,31,1043,56,147,7,187,25,467,69,290,51,147,25,293,24,791,34,61,34,Louisiana,1,70,1.4568045544082948,959.8,229.8,8,14.7
22,2017,447.6,21.6,14.5,39.5,LA,2117,55,1799,96,317,16,322,44,852,126,469,81,292,51,620,51,1330,57,106,59,Louisiana,1,53,1.4568045544082948,1027.4,250.2,7.8,11.7
22,2018,486.7,22.1,14.4,37.6,LA,3153,82,2624,140,527,26,524,72,1260,189,682,117,430,76,1132,93,1800,77,168,92,Louisiana,1,49,1.4568045544082948,1057.5,247.5,7,12.4
23,2008,118.1,1.6,0.8,6.8,NA,NA,NA,NA,NA,NA,NA,NA,NA,NA,NA,NA,NA,NA,NA,NA,NA,NA,NA,NA,NA,Maine,0,NA,1.2156225552145394,274.2,6.4,0,1.5
23,2009,112.8,0.6,0.3,7.7,NA,NA,NA,NA,NA,NA,NA,NA,NA,NA,NA,NA,NA,NA,NA,NA,NA,NA,NA,NA,NA,Maine,0,NA,1.2156225552145394,253.5,9.2,0,2.4
23,2010,118.2,4.9,2.4,8.7,NA,NA,NA,NA,NA,NA,NA,NA,NA,NA,NA,NA,NA,NA,NA,NA,NA,NA,NA,NA,NA,Maine,0,0,1.2156225552145394,267.6,11.1,0,1.5
23,2011,145.1,1.8,0.9,7.8,NA,NA,NA,NA,NA,NA,NA,NA,NA,NA,NA,NA,NA,NA,NA,NA,NA,NA,NA,NA,NA,Maine,0,40,1.2156225552145394,317,18,0,1.7
23,2012,152.3,2.3,1.3,6.3,ME,38,3,24,4,15,3,4,2,12,8,9,6,6,3,NA,NA,24,2,3,22,Maine,1,63,1.2156225552145394,357.1,35.4,0.3,2.4
23,2013,158.4,1.4,0.8,4.7,ME,40,3,20,4,21,4,9,5,14,9,9,6,6,3,5,40,30,3,NA,NA,Maine,1,43,1.2156225552145394,354.9,17.6,0.1,2.4
23,2014,161.1,2,1.2,8.2,ME,47,4,39,7,8,1,6,3,16,11,12,8,12,6,NA,NA,36,3,3,20,Maine,1,60,1.2156225552145394,365,14.4,0.4,3.2
23,2015,189.1,3.4,2.1,7.3,ME,93,8,75,13,18,3,15,8,35,23,22,14,14,7,3,22,83,8,5,32,Maine,1,55,1.2156225552145394,403.5,21.1,0.9,1.5
23,2016,208,6,3.2,5.7,ME,183,16,159,28,25,4,29,15,54,35,41,27,41,21,6,42,168,15,3,18,Maine,1,62,1.2156225552145394,411.4,19.7,0.4,3.5
23,2017,244.2,8.3,4.9,4.4,ME,275,24,257,46,18,3,35,19,72,46,69,46,60,32,8,54,258,24,5,29,Maine,1,52,1.2156225552145394,434.5,33,1.3,0.7
23,2018,227.4,10.2,5.5,4.2,ME,395,34,369,65,26,4,67,37,121,75,91,60,65,36,10,65,363,33,12,68,Maine,1,54,1.2156225552145394,417.6,36.6,1,1.2
24,2008,193.3,11,6.7,57.4,NA,NA,NA,NA,NA,NA,NA,NA,NA,NA,NA,NA,NA,NA,NA,NA,NA,NA,NA,NA,NA,Maryland,0,NA,1.8581799017357747,665.5,124,2.6,28
24,2009,176.7,9.8,5.5,48.4,NA,NA,NA,NA,NA,NA,NA,NA,NA,NA,NA,NA,NA,NA,NA,NA,NA,NA,NA,NA,NA,Maryland,0,NA,1.8581799017357747,642.3,118.2,1.4,22.7
24,2010,226.3,10.8,5.7,50.1,NA,NA,NA,NA,NA,NA,NA,NA,NA,NA,NA,NA,NA,NA,NA,NA,NA,NA,NA,NA,NA,Maryland,0,31,1.8581799017357747,663.4,134.8,0.9,22.1
24,2011,254.6,14.3,7.7,42.5,NA,NA,NA,NA,NA,NA,NA,NA,NA,NA,NA,NA,NA,NA,NA,NA,NA,NA,NA,NA,NA,Maryland,0,55,1.8581799017357747,663.9,114.9,1.6,15.8
24,2012,252.2,13.5,7.3,40,MD,178,4,89,4,89,3,26,3,54,7,47,6,38,4,61,4,96,4,3,1,Maryland,1,67,1.8581799017357747,635.7,94.8,1.5,14
24,2013,266.7,13.8,7.7,38.6,MD,219,4,123,5,97,4,42,4,76,9,35,5,37,4,77,5,108,4,24,6,Maryland,1,63,1.8581799017357747,623.9,93,2,14
24,2014,285.4,13.9,7.5,36,MD,397,8,320,13,77,3,49,5,152,19,83,11,71,8,104,7,243,9,34,8,Maryland,1,65,1.8581799017357747,624,90.9,1.6,14
24,2015,302.7,15.5,8.5,35.2,MD,973,19,858,36,116,4,127,14,371,45,231,30,163,19,322,22,499,18,111,26,Maryland,1,52,1.8581799017357747,603.3,100.2,1.9,12.1
24,2016,360.1,15.6,8.5,32.5,MD,2040,40,1780,74,252,10,314,34,813,98,456,60,300,35,755,51,1003,37,161,37,Maryland,1,58,1.8581799017357747,651.2,127.5,1.7,11.7
24,2017,392.1,18,9.5,30.1,MD,2904,57,2567,106,337,13,474,52,1157,139,651,85,400,48,1087,73,1470,55,201,45,Maryland,1,49,1.8581799017357747,707.3,149.1,1.5,10.5
24,2018,428.7,22.4,12.2,29.2,MD,4278,84,3808,156,472,18,714,79,1764,212,930,120,546,67,1579,105,2163,81,316,68,Maryland,1,40,1.8581799017357747,736.4,135.9,2.6,10.2
25,2008,152,6.6,3.3,19.9,NA,NA,NA,NA,NA,NA,NA,NA,NA,NA,NA,NA,NA,NA,NA,NA,NA,NA,NA,NA,NA,Massachusetts,0,NA,2.477913043478261,376.2,32.7,0.2,7.1
25,2009,171.1,7.3,3.6,19.3,NA,NA,NA,NA,NA,NA,NA,NA,NA,NA,NA,NA,NA,NA,NA,NA,NA,NA,NA,NA,NA,Massachusetts,0,NA,2.477913043478261,407.4,28.8,0.1,5.6
25,2010,198.4,8.5,4.3,18.6,NA,NA,NA,NA,NA,NA,NA,NA,NA,NA,NA,NA,NA,NA,NA,NA,NA,NA,NA,NA,NA,Massachusetts,0,44,2.477913043478261,435.2,29.6,0.5,6.9
25,2011,218.7,7.6,4,17.8,NA,NA,NA,NA,NA,NA,NA,NA,NA,NA,NA,NA,NA,NA,NA,NA,NA,NA,NA,NA,NA,Massachusetts,0,61,2.477913043478261,461.4,31.7,0.7,6.5
25,2012,222.8,9.3,4.7,18.6,MA,631,11,264,10,365,12,137,12,230,26,124,15,90,9,66,18,423,10,91,17,Massachusetts,1,85,2.477913043478261,475.1,31.3,0.4,6.2
25,2013,225.6,10.5,5.4,17.9,MA,693,12,332,12,360,12,174,16,222,24,126,15,111,11,59,16,520,12,68,13,Massachusetts,1,78,2.477913043478261,458.1,33.8,0.5,5.7
25,2014,219.5,8.4,4.5,17.2,MA,936,16,714,26,223,7,150,13,315,34,197,24,188,19,65,17,696,16,111,20,Massachusetts,1,76,2.477913043478261,401.9,34.9,0.7,5.5
25,2015,255.1,11.9,6.2,15.6,MA,2023,35,1794,64,232,8,255,23,793,84,418,50,378,39,179,46,1512,34,229,39,Massachusetts,1,67,2.477913043478261,445.4,29.3,0.7,5.2
25,2016,284.9,14,7.2,16.6,MA,3615,62,3299,117,319,11,517,47,1393,145,760,92,633,66,283,71,2645,60,501,83,Massachusetts,1,74,2.477913043478261,492.4,39.6,0.7,5.5
25,2017,315.9,15.4,7.8,15.8,MA,5114,87,4707,166,413,14,762,69,2030,208,1069,129,782,83,387,95,3730,85,709,113,Massachusetts,1,58,2.477913043478261,530.1,70.7,0.7,4.9
25,2018,336.3,14.9,8,16.1,MA,7162,121,6669,234,501,16,1118,102,2881,292,1455,173,987,107,516,125,5314,122,930,143,Massachusetts,1,48,2.477913043478261,539,68.6,1.2,5.9
26,2008,223.6,3,2.1,14.7,NA,NA,NA,NA,NA,NA,NA,NA,NA,NA,NA,NA,NA,NA,NA,NA,NA,NA,NA,NA,NA,Michigan,0,NA,1.4876475978078592,664.2,197.9,1.2,3.9
26,2009,238.2,3.9,2.3,15.7,NA,NA,NA,NA,NA,NA,NA,NA,NA,NA,NA,NA,NA,NA,NA,NA,NA,NA,NA,NA,NA,Michigan,0,NA,1.4876475978078592,669.9,168.9,0.8,3.7
26,2010,266.8,4.4,2.4,15.1,NA,NA,NA,NA,NA,NA,NA,NA,NA,NA,NA,NA,NA,NA,NA,NA,NA,NA,NA,NA,NA,Michigan,0,20,1.4876475978078592,723.9,158.4,0.5,3.5
26,2011,270.1,5.4,2.9,15.3,NA,NA,NA,NA,NA,NA,NA,NA,NA,NA,NA,NA,NA,NA,NA,NA,NA,NA,NA,NA,NA,Michigan,0,43,1.4876475978078592,722.4,150.9,0.5,3.7
26,2012,266.8,5.5,3,15.7,MI,142,2,88,2,54,1,23,1,40,3,24,2,30,2,33,3,92,1,4,1,Michigan,1,62,1.4876475978078592,685,142.8,0.6,3.4
26,2013,260.5,9.4,4.9,15.4,MI,135,2,98,2,36,1,30,2,25,2,30,2,26,2,13,1,102,2,NA,NA,Michigan,1,56,1.4876475978078592,635.5,116.3,0.6,2.9
26,2014,260.7,8,4.2,15.5,MI,250,3,203,5,47,1,47,3,82,7,43,4,49,4,47,4,177,3,13,4,Michigan,1,59,1.4876475978078592,623.2,101.6,0.6,3.3
26,2015,286.9,7.6,4.1,14.4,MI,644,8,567,14,77,2,100,6,244,20,134,11,104,8,94,8,488,8,37,10,Michigan,1,51,1.4876475978078592,642.4,102.8,0.7,3
26,2016,294.4,6.8,3.7,15.3,MI,1430,17,1272,31,157,4,245,15,563,45,285,25,218,16,216,19,1112,17,69,19,Michigan,1,53,1.4876475978078592,623.2,122.7,0.6,2.7
26,2017,334.4,9.1,4.8,15.3,MI,2317,27,2098,51,222,5,403,25,939,74,441,38,342,26,376,33,1799,28,98,26,Michigan,1,45,1.4876475978078592,673.9,150.2,0.7,3.2
26,2018,342.6,11.8,6.5,13.8,MI,3486,41,3187,77,299,7,574,36,1463,113,674,58,483,37,580,52,2700,42,160,41,Michigan,1,39,1.4876475978078592,664.7,157.5,1.4,3.4
27,2008,157,4.3,2.2,11.4,NA,NA,NA,NA,NA,NA,NA,NA,NA,NA,NA,NA,NA,NA,NA,NA,NA,NA,NA,NA,NA,Minnesota,0,NA,1.6187254156077504,390.7,63.1,0.2,3.9
27,2009,152.4,2.7,1.3,14,NA,NA,NA,NA,NA,NA,NA,NA,NA,NA,NA,NA,NA,NA,NA,NA,NA,NA,NA,NA,NA,Minnesota,0,NA,1.6187254156077504,386.1,48,0,3.5
27,2010,164.3,5.3,2.8,11.9,NA,NA,NA,NA,NA,NA,NA,NA,NA,NA,NA,NA,NA,NA,NA,NA,NA,NA,NA,NA,NA,Minnesota,0,23,1.6187254156077504,409.9,46.6,0.3,3.2
27,2011,191.2,5,2.6,9.8,NA,NA,NA,NA,NA,NA,NA,NA,NA,NA,NA,NA,NA,NA,NA,NA,NA,NA,NA,NA,NA,Minnesota,0,43,1.6187254156077504,439.4,48.1,0.2,3.4
27,2012,203.3,4.2,2.2,11.4,MN,143,3,76,3,64,3,31,4,36,5,32,5,28,4,13,6,105,3,NA,NA,Minnesota,1,54,1.6187254156077504,464.5,61.9,0.3,2.7
27,2013,215.3,6.6,3.6,10.3,MN,220,5,141,6,78,3,44,5,72,10,47,7,34,4,13,6,172,5,16,9,Minnesota,1,48,1.6187254156077504,475.5,74.8,0.4,3.3
27,2014,236.7,8.7,4.7,10.5,MN,533,12,424,19,106,5,76,9,205,27,128,19,93,12,68,29,418,11,20,10,Minnesota,1,51,1.6187254156077504,491.9,65.7,0.8,2.9
27,2015,261.2,7.6,4.5,9.8,MN,1115,24,1011,45,91,4,151,17,398,53,309,46,179,24,103,43,916,24,43,21,Minnesota,1,50,1.6187254156077504,512.2,60.8,1.4,3
27,2016,280.2,9.7,5.5,9.8,MN,1753,38,1619,71,124,5,223,26,679,91,444,65,282,39,153,61,1461,38,64,31,Minnesota,1,50,1.6187254156077504,539.6,79.8,1.3,2.8
27,2017,295.3,9.1,5.2,9,MN,2391,52,2232,97,150,6,331,38,930,123,591,85,358,50,196,75,1997,52,104,48,Minnesota,1,44,1.6187254156077504,548.8,105.2,1.4,3
27,2018,305.4,8.9,5.2,9.3,MN,3301,71,3071,133,206,9,482,56,1368,180,737,104,467,68,281,103,2750,72,128,57,Minnesota,1,40,1.6187254156077504,533.8,118.9,1.6,2.8
28,2008,345.7,8.3,6.3,30.3,NA,NA,NA,NA,NA,NA,NA,NA,NA,NA,NA,NA,NA,NA,NA,NA,NA,NA,NA,NA,NA,Mississippi,0,NA,1.322567172490603,1078.7,287.9,4.4,12.7
28,2009,402.5,11.5,8,30.1,NA,NA,NA,NA,NA,NA,NA,NA,NA,NA,NA,NA,NA,NA,NA,NA,NA,NA,NA,NA,NA,Mississippi,0,NA,1.322567172490603,1173.8,285.4,4.8,11.4
28,2010,378.3,11,7.7,29,NA,NA,NA,NA,NA,NA,NA,NA,NA,NA,NA,NA,NA,NA,NA,NA,NA,NA,NA,NA,NA,Mississippi,0,43,1.322567172490603,1044.8,235.8,4.5,8.7
28,2011,381.3,10.1,6.4,32.7,NA,NA,NA,NA,NA,NA,NA,NA,NA,NA,NA,NA,NA,NA,NA,NA,NA,NA,NA,NA,NA,Mississippi,0,53,1.322567172490603,1025,218.4,2.9,10.4
28,2012,433.3,8,5,29.8,MS,38,2,21,2,17,1,6,1,9,2,10,3,6,1,14,2,17,1,NA,NA,Mississippi,1,73,1.322567172490603,1093.2,249.9,2.2,7.1
28,2013,329.6,4.1,2.6,30.2,MS,24,1,16,1,9,1,7,1,6,2,3,1,7,2,12,1,10,1,NA,NA,Mississippi,1,63,1.322567172490603,825.1,177.4,1.2,8.8
28,2014,384.8,11.8,6.3,30.2,MS,62,3,44,4,18,1,20,4,16,4,20,5,10,3,19,2,34,2,NA,NA,Mississippi,1,59,1.322567172490603,910.7,194.2,1.1,8.5
28,2015,346.1,12.9,7.3,33.3,MS,151,6,118,10,34,3,42,8,47,12,36,10,27,7,44,5,102,7,NA,NA,Mississippi,1,49,1.322567172490603,801.7,203.5,2.1,8.3
28,2016,410.9,18.5,10.9,27.2,MS,267,11,230,19,36,3,56,11,92,23,58,16,35,9,101,11,166,11,NA,NA,Mississippi,1,58,1.322567172490603,917.9,238.2,3.8,7.5
28,2017,438.9,15.3,10.4,27,MS,441,18,386,32,53,4,88,18,184,47,74,20,68,18,202,22,236,16,6,9,Mississippi,1,52,1.322567172490603,957.9,296.5,5.7,8.1
28,2018,465.1,21.6,15.6,31.2,MS,599,24,513,43,86,7,115,23,244,62,104,28,82,22,227,25,365,25,10,14,Mississippi,1,47,1.322567172490603,998,318.3,9.9,8.2
29,2008,230.3,6.7,3.8,18.4,NA,NA,NA,NA,NA,NA,NA,NA,NA,NA,NA,NA,NA,NA,NA,NA,NA,NA,NA,NA,NA,Missouri,0,NA,1.4472237700103912,595.4,149.3,1,4
29,2009,240.7,5.4,2.9,17.7,NA,NA,NA,NA,NA,NA,NA,NA,NA,NA,NA,NA,NA,NA,NA,NA,NA,NA,NA,NA,NA,Missouri,0,NA,1.4472237700103912,615.9,117.3,0.5,3.5
29,2010,244.5,5.1,2.5,19.1,NA,NA,NA,NA,NA,NA,NA,NA,NA,NA,NA,NA,NA,NA,NA,NA,NA,NA,NA,NA,NA,Missouri,0,21,1.4472237700103912,616.8,129.2,0.1,4.1
29,2011,264.5,4.4,2.3,18.5,NA,NA,NA,NA,NA,NA,NA,NA,NA,NA,NA,NA,NA,NA,NA,NA,NA,NA,NA,NA,NA,Missouri,0,40,1.4472237700103912,655.6,136.9,0.2,3
29,2012,274,4.9,2.6,18,MO,54,1,36,1,18,1,7,1,17,2,17,2,6,1,9,2,35,1,4,2,Missouri,1,59,1.4472237700103912,642.8,137,0.4,3.3
29,2013,270.9,7.8,4.2,15.7,MO,100,2,71,3,29,1,8,1,33,4,36,5,16,2,14,2,73,2,6,4,Missouri,1,57,1.4472237700103912,627.1,128.1,0.6,2.9
29,2014,283.8,10.7,5.8,15.7,MO,231,5,183,7,48,2,38,4,75,9,51,7,48,6,32,6,177,4,11,6,Missouri,1,60,1.4472237700103912,633.6,117.3,1.1,2.9
29,2015,302.8,8.5,5.1,15.6,MO,622,12,535,22,84,3,91,9,184,23,158,22,143,18,100,18,457,11,32,18,Missouri,1,47,1.4472237700103912,644.4,135.4,1.7,2.8
29,2016,337.6,11.2,6.6,16.4,MO,1161,23,1046,42,113,4,153,16,395,49,270,37,239,30,168,29,892,22,63,35,Missouri,1,64,1.4472237700103912,669.7,168.7,2.1,3.8
29,2017,366.4,13.8,8.3,16.1,MO,1748,34,1616,65,129,5,240,25,651,79,360,49,336,44,252,44,1384,33,79,42,Missouri,1,46,1.4472237700103912,698,192.9,3,3.8
29,2018,397.4,21.5,13.2,14.6,MO,2555,50,2407,96,143,5,356,37,1022,124,524,70,426,57,365,63,2007,48,120,62,Missouri,1,41,1.4472237700103912,731.1,218.3,5.2,3.1
30,2008,178.4,1.2,0.7,3.9,NA,NA,NA,NA,NA,NA,NA,NA,NA,NA,NA,NA,NA,NA,NA,NA,NA,NA,NA,NA,NA,Montana,0,NA,1.680231031766868,461.3,19.1,0.2,1.2
30,2009,174.3,0.8,0.4,6.6,NA,NA,NA,NA,NA,NA,NA,NA,NA,NA,NA,NA,NA,NA,NA,NA,NA,NA,NA,NA,NA,Montana,0,NA,1.680231031766868,439.1,9.5,0,0.5
30,2010,178.6,0.6,0.3,4.1,NA,NA,NA,NA,NA,NA,NA,NA,NA,NA,NA,NA,NA,NA,NA,NA,NA,NA,NA,NA,NA,Montana,0,0,1.680231031766868,444.6,11.3,0,0.7
30,2011,203,1.2,0.7,4.1,NA,NA,NA,NA,NA,NA,NA,NA,NA,NA,NA,NA,NA,NA,NA,NA,NA,NA,NA,NA,NA,Montana,0,21,1.680231031766868,481,10.3,0.2,1
30,2012,232.5,0.4,0.2,3.8,MT,9,1,6,1,3,1,NA,NA,3,2,NA,NA,4,3,NA,NA,7,1,NA,NA,Montana,1,58,1.680231031766868,531.2,11.6,0,0.9
30,2013,219.1,0.8,0.5,4.7,MT,12,1,7,2,5,1,NA,NA,NA,NA,7,6,NA,NA,NA,NA,8,1,NA,NA,Montana,1,63,1.680231031766868,535.7,25.2,0.2,0.5
30,2014,255.7,1.2,0.8,2.6,MT,15,2,10,2,5,1,NA,NA,5,4,5,4,4,3,NA,NA,9,1,NA,NA,Montana,1,64,1.680231031766868,566.6,43.5,0.4,0.7
30,2015,258,2.3,1.3,3.9,MT,36,4,28,6,8,2,4,2,12,9,8,7,8,6,NA,NA,26,3,8,30,Montana,1,47,1.680231031766868,556.1,90.3,0.2,0.2
30,2016,277.5,2.5,1.3,4.3,MT,71,8,66,15,6,1,9,6,29,22,14,12,13,10,NA,NA,63,8,5,18,Montana,1,67,1.680231031766868,573.1,95.4,0.2,0.2
30,2017,288.4,7.4,4.6,6.3,MT,111,13,101,23,11,2,16,10,45,33,28,23,11,9,NA,NA,93,12,10,34,Montana,1,61,1.680231031766868,579.7,81.7,1.7,0.5
30,2018,320.3,6.6,4.2,4.7,MT,174,19,151,34,22,5,22,14,71,52,44,35,18,15,NA,NA,156,20,11,36,Montana,1,50,1.680231031766868,608.6,121.1,1.9,0.7
31,2008,163.2,1.4,0.8,9.6,NA,NA,NA,NA,NA,NA,NA,NA,NA,NA,NA,NA,NA,NA,NA,NA,NA,NA,NA,NA,NA,Nebraska,0,NA,1.5919643703212356,459.7,99.3,0.3,3.5
31,2009,173.8,0.6,0.3,9.8,NA,NA,NA,NA,NA,NA,NA,NA,NA,NA,NA,NA,NA,NA,NA,NA,NA,NA,NA,NA,NA,Nebraska,0,NA,1.5919643703212356,429.8,90.9,0,5.1
31,2010,170.5,1,0.7,12.1,NA,NA,NA,NA,NA,NA,NA,NA,NA,NA,NA,NA,NA,NA,NA,NA,NA,NA,NA,NA,NA,Nebraska,0,0,1.5919643703212356,386.5,73.3,0.3,3.2
31,2011,217.4,1,0.5,9.6,NA,NA,NA,NA,NA,NA,NA,NA,NA,NA,NA,NA,NA,NA,NA,NA,NA,NA,NA,NA,NA,Nebraska,0,33,1.5919643703212356,516.2,88.8,0.1,1.3
31,2012,227.3,0.8,0.4,9.1,NE,20,1,11,1,10,1,6,2,6,2,6,3,NA,NA,3,5,8,1,3,2,Nebraska,1,50,1.5919643703212356,496.4,84.1,0.1,1.6
31,2013,236.6,4,2.2,8.6,NE,25,2,12,2,13,2,NA,NA,8,3,11,5,4,2,NA,NA,18,1,4,3,Nebraska,1,44,1.5919643703212356,527.6,74,0.4,1.9
31,2014,251.8,4.9,2.7,10.1,NE,42,3,35,5,8,1,4,1,15,6,18,8,8,3,8,12,31,2,NA,NA,Nebraska,1,58,1.5919643703212356,541.6,81.6,0.4,1.3
31,2015,268.5,4.5,2.4,9,NE,115,7,99,13,16,2,13,4,49,19,33,15,16,7,5,7,101,8,7,5,Nebraska,1,54,1.5919643703212356,570.2,91.7,0.3,1.5
31,2016,278.7,6.5,3.5,7.4,NE,229,15,215,28,15,2,31,10,88,35,65,28,35,15,13,19,205,16,7,5,Nebraska,1,58,1.5919643703212356,578.7,110.5,0.5,1.8
31,2017,306.1,3.8,2.2,9.1,NE,344,22,317,41,28,4,56,17,133,52,81,35,58,26,22,31,299,23,18,12,Nebraska,1,46,1.5919643703212356,589.8,133.9,0.7,1.9
31,2018,290.1,10.9,6.2,8.9,NE,470,30,438,56,31,4,78,24,184,72,101,42,81,37,35,48,405,32,27,18,Nebraska,1,43,1.5919643703212356,542.7,135,1.5,0.9
32,2008,190.5,4.7,2.9,30.3,NA,NA,NA,NA,NA,NA,NA,NA,NA,NA,NA,NA,NA,NA,NA,NA,NA,NA,NA,NA,NA,Nevada,0,NA,2.724226467644371,557.2,79.1,1.1,5.8
32,2009,217.8,6.2,3.4,28,NA,NA,NA,NA,NA,NA,NA,NA,NA,NA,NA,NA,NA,NA,NA,NA,NA,NA,NA,NA,NA,Nevada,0,NA,2.724226467644371,550,63.9,0.5,5.6
32,2010,202.9,9,4.8,27.7,NA,NA,NA,NA,NA,NA,NA,NA,NA,NA,NA,NA,NA,NA,NA,NA,NA,NA,NA,NA,NA,Nevada,0,54,2.724226467644371,515.4,62,0.5,5.5
32,2011,240.5,9.4,5,28.9,NA,NA,NA,NA,NA,NA,NA,NA,NA,NA,NA,NA,NA,NA,NA,NA,NA,NA,NA,NA,NA,Nevada,0,73,2.724226467644371,536.4,65.4,0.5,4.7
32,2012,253.7,7.9,4.1,28.1,NV,52,2,37,3,15,1,8,2,17,4,11,3,10,3,7,4,31,2,3,1,Nevada,1,80,2.724226467644371,560.4,72.1,0.3,4.1
32,2013,256.9,13.7,7.4,32.2,NV,81,4,60,5,21,2,6,1,29,7,20,5,14,4,6,3,42,3,24,4,Nevada,1,74,2.724226467644371,593.6,87.3,1,5
32,2014,267.2,23.6,12.7,31.9,NV,112,5,85,7,30,3,15,3,34,8,31,8,19,5,6,3,69,5,25,4,Nevada,1,74,2.724226467644371,573.9,92.4,1.6,4.5
32,2015,288.3,21.7,11.7,34.9,NV,324,14,285,24,39,3,34,8,128,31,72,19,57,15,15,8,209,16,77,13,Nevada,1,81,2.724226467644371,612.8,98.3,1.6,5.1
32,2016,326.1,26.9,15.2,36,NV,647,27,579,48,70,6,61,14,239,56,175,45,125,32,41,20,411,32,159,25,Nevada,1,88,2.724226467644371,678,110.9,3.4,5.8
32,2017,385.2,34.4,19.8,35.2,NV,951,38,874,71,79,6,92,21,356,82,257,66,171,44,62,29,622,48,206,32,Nevada,1,74,2.724226467644371,707.8,133.3,5.1,4.8
32,2018,420.2,37.1,22.5,34.4,NV,1389,55,1272,101,117,9,160,36,527,119,355,88,242,61,87,39,899,69,314,47,Nevada,1,63,2.724226467644371,732.8,164.2,7.9,4.8
33,2008,86,3.1,1.5,6,NA,NA,NA,NA,NA,NA,NA,NA,NA,NA,NA,NA,NA,NA,NA,NA,NA,NA,NA,NA,NA,New Hampshire,0,NA,1.3840391086280237,231.5,7.3,0,1.8
33,2009,85.8,2.1,1.1,5.3,NA,NA,NA,NA,NA,NA,NA,NA,NA,NA,NA,NA,NA,NA,NA,NA,NA,NA,NA,NA,NA,New Hampshire,0,NA,1.3840391086280237,230.4,8.1,0,1.4
33,2010,100.7,3.2,1.7,8.2,NA,NA,NA,NA,NA,NA,NA,NA,NA,NA,NA,NA,NA,NA,NA,NA,NA,NA,NA,NA,NA,New Hampshire,0,0,1.3840391086280237,271,8.8,0.1,0.9
33,2011,126.8,2.6,1.4,6.2,NA,NA,NA,NA,NA,NA,NA,NA,NA,NA,NA,NA,NA,NA,NA,NA,NA,NA,NA,NA,NA,New Hampshire,0,40,1.3840391086280237,326.5,8.8,0.1,1.2
33,2012,141.1,5.5,2.7,6.3,NH,25,2,6,1,20,3,5,2,9,6,9,5,3,1,NA,NA,25,2,NA,NA,New Hampshire,1,58,1.3840391086280237,320.6,9.1,0,1.9
33,2013,142.3,4.1,2.1,5,NH,29,3,21,4,8,1,4,2,11,7,5,3,5,2,NA,NA,30,3,NA,NA,New Hampshire,1,56,1.3840391086280237,325.7,7.7,0.1,1.4
33,2014,171.4,4.9,2.7,5.8,NH,42,4,41,7,NA,NA,3,1,10,6,12,8,13,6,NA,NA,37,3,4,12,New Hampshire,1,61,1.3840391086280237,363.7,13.5,0.6,1.2
33,2015,152.1,5.6,3,4,NH,114,10,107,19,7,1,14,7,41,26,34,22,21,10,NA,NA,109,10,3,9,New Hampshire,1,60,1.3840391086280237,309.5,9.6,0.4,0.3
33,2016,173,5.4,3,4.5,NH,235,20,217,38,18,3,43,20,81,50,56,36,42,21,3,21,224,21,7,19,New Hampshire,1,68,1.3840391086280237,341.8,19.5,0.6,2.2
33,2017,223.7,5.8,3.2,4.2,NH,325,28,306,53,19,3,47,23,109,66,77,50,57,29,NA,NA,310,29,12,31,New Hampshire,1,57,1.3840391086280237,428.3,26.3,0.6,1.3
33,2018,187.7,9.1,4.7,5.2,NH,502,43,477,82,24,4,75,37,192,114,102,66,77,41,7,45,476,45,12,30,New Hampshire,1,50,1.3840391086280237,362.4,27,0.4,1.3
34,2008,103.3,4.8,2.6,27.6,NA,NA,NA,NA,NA,NA,NA,NA,NA,NA,NA,NA,NA,NA,NA,NA,NA,NA,NA,NA,NA,New Jersey,0,NA,1.495009556169038,408.3,63.8,0.5,11
34,2009,121.8,4.4,2.4,27.5,NA,NA,NA,NA,NA,NA,NA,NA,NA,NA,NA,NA,NA,NA,NA,NA,NA,NA,NA,NA,NA,New Jersey,0,NA,1.495009556169038,424,55,0.6,10.4
34,2010,137.1,5.3,2.8,27.2,NA,NA,NA,NA,NA,NA,NA,NA,NA,NA,NA,NA,NA,NA,NA,NA,NA,NA,NA,NA,NA,New Jersey,0,30,1.495009556169038,445.7,69,0.4,9.7
34,2011,144.9,5.1,2.6,23.8,NA,NA,NA,NA,NA,NA,NA,NA,NA,NA,NA,NA,NA,NA,NA,NA,NA,NA,NA,NA,NA,New Jersey,0,53,1.495009556169038,439.2,86.5,0.3,8
34,2012,161.4,4.9,2.6,26.2,NJ,294,4,146,4,148,4,41,3,91,8,59,5,56,4,48,5,157,4,40,3,New Jersey,1,65,1.495009556169038,446.2,83.8,0.4,8.4
34,2013,173.1,5.1,2.6,24.6,NJ,333,4,185,5,149,4,36,3,104,9,76,6,72,5,44,5,202,5,54,4,New Jersey,1,61,1.495009556169038,457.7,76.8,0.3,7.8
34,2014,191.3,6.5,3.4,25.4,NJ,507,7,379,11,126,3,71,5,184,16,109,9,82,6,78,8,274,6,110,8,New Jersey,1,62,1.495009556169038,474.7,67.9,0.4,8
34,2015,208.6,8,4.2,24.7,NJ,1232,17,1087,30,143,4,184,14,470,42,304,27,195,15,120,13,793,18,239,18,New Jersey,1,57,1.495009556169038,490.4,68.5,0.6,7.3
34,2016,241,10.3,5.3,24.7,NJ,2247,30,2041,56,198,5,287,21,877,78,545,48,371,29,242,25,1414,33,440,32,New Jersey,1,60,1.495009556169038,529,73.5,0.5,7.3
34,2017,261.9,10.7,5.6,22.6,NJ,3428,46,3128,86,298,8,506,38,1365,120,821,73,502,40,382,40,2137,50,722,51,New Jersey,1,52,1.495009556169038,523.7,82.1,0.7,6.8
34,2018,272.2,11.8,6.4,21.3,NJ,4682,62,4289,118,391,10,711,54,1926,168,1071,94,634,51,601,62,2777,65,1021,71,New Jersey,1,45,1.495009556169038,543.1,75.8,1.3,5.6
35,2008,231.4,3.9,2.2,17,NA,NA,NA,NA,NA,NA,NA,NA,NA,NA,NA,NA,NA,NA,NA,NA,NA,NA,NA,NA,NA,New Mexico,0,NA,1.6612943218447809,697.1,78.1,0.6,2.2
35,2009,251.4,5.5,3,16.5,NA,NA,NA,NA,NA,NA,NA,NA,NA,NA,NA,NA,NA,NA,NA,NA,NA,NA,NA,NA,NA,New Mexico,0,NA,1.6612943218447809,689.9,56.3,0.6,3.1
35,2010,292.7,4.9,2.6,15.4,NA,NA,NA,NA,NA,NA,NA,NA,NA,NA,NA,NA,NA,NA,NA,NA,NA,NA,NA,NA,NA,New Mexico,0,0,1.6612943218447809,834.8,58.4,0.3,2.4
35,2011,297,6.7,3.4,13.4,NA,NA,NA,NA,NA,NA,NA,NA,NA,NA,NA,NA,NA,NA,NA,NA,NA,NA,NA,NA,NA,New Mexico,0,32,1.6612943218447809,789.6,87.9,0.2,2.3
35,2012,307,8.9,4.8,12.6,NM,35,2,27,3,9,1,5,1,9,3,4,2,12,4,5,16,11,1,18,2,New Mexico,1,68,1.6612943218447809,827.2,81.3,0.9,1.1
35,2013,309.8,5.6,3.7,14.4,NM,44,3,32,4,13,1,14,4,11,4,6,2,9,3,3,10,15,2,19,2,New Mexico,1,71,1.6612943218447809,855,77.9,1.9,2.1
35,2014,304.2,10.8,6,13.5,NM,89,5,74,9,15,2,5,1,27,10,19,8,27,10,NA,NA,62,9,22,3,New Mexico,1,77,1.6612943218447809,795.9,91.1,1.3,2.1
35,2015,328.7,10.3,5.6,15,NM,174,10,161,19,12,1,17,5,49,17,36,15,50,19,NA,NA,122,17,36,5,New Mexico,1,74,1.6612943218447809,874.7,103,1,0.9
35,2016,366.4,15.6,9,15.7,NM,336,19,307,36,29,3,38,11,107,38,78,32,73,29,4,12,199,28,129,16,New Mexico,1,97,1.6612943218447809,881.2,146,2.6,1.9
35,2017,408.4,16.8,9.2,14.7,NM,602,35,569,66,31,4,83,24,212,75,136,55,102,41,7,22,321,46,250,31,New Mexico,1,74,1.6612943218447809,883,196.2,1.8,2.1
35,2018,416.5,24.9,14.5,15,NM,797,46,763,89,34,4,109,32,286,101,168,67,135,56,5,15,426,61,352,43,New Mexico,1,58,1.6612943218447809,915.9,221.6,4.4,2.4
36,2008,285.9,12.3,6.3,41.7,NA,NA,NA,NA,NA,NA,NA,NA,NA,NA,NA,NA,NA,NA,NA,NA,NA,NA,NA,NA,NA,New York,0,NA,1.8789744199763083,612.7,83.5,0.5,13.9
36,2009,296.5,11.9,6.1,38.6,NA,NA,NA,NA,NA,NA,NA,NA,NA,NA,NA,NA,NA,NA,NA,NA,NA,NA,NA,NA,NA,New York,0,NA,1.8789744199763083,637.4,79.1,0.5,12.2
36,2010,332.6,11.2,5.7,37.5,NA,NA,NA,NA,NA,NA,NA,NA,NA,NA,NA,NA,NA,NA,NA,NA,NA,NA,NA,NA,NA,New York,0,49,1.8789744199763083,686.2,87.1,0.5,11.1
36,2011,340.2,11.1,5.6,36.2,NA,NA,NA,NA,NA,NA,NA,NA,NA,NA,NA,NA,NA,NA,NA,NA,NA,NA,NA,NA,NA,New York,0,92,1.8789744199763083,700.7,96.6,0.4,10.4
36,2012,338.9,12.4,6.3,34.4,NY,614,4,429,5,185,2,59,2,189,7,149,6,128,5,92,4,348,4,104,4,New York,1,100,1.8789744199763083,677.4,99.3,0.4,8.8
36,2013,328.7,14.8,7.4,32.4,NY,890,5,636,8,254,3,99,3,273,10,229,9,175,6,157,7,500,5,168,6,New York,1,93,1.8789744199763083,637.5,79.3,0.4,7.5
36,2014,352.9,17.6,8.8,32.7,NY,3037,18,2730,34,303,4,298,9,1355,48,765,31,434,16,367,15,2005,21,496,17,New York,1,87,1.8789744199763083,643.3,69.9,0.5,7.9
36,2015,391.7,20.3,10.2,30.5,NY,8490,51,7837,98,652,8,953,31,3782,133,2110,86,1181,43,1196,50,5561,58,1337,46,New York,1,76,1.8789744199763083,653.8,84.9,0.6,7
36,2016,437.8,24.3,12.5,28.2,NY,15503,93,14284,178,1215,14,1789,59,6978,243,3776,155,2017,75,2245,93,9956,104,2481,84,New York,1,91,1.8789744199763083,669.1,86.2,1.1,6.8
36,2017,487.3,23.3,12,27.4,NY,22389,135,20628,258,1760,20,2758,93,10053,350,5335,220,2842,108,3412,142,14232,149,3576,120,New York,1,74,1.8789744199763083,698.3,95.7,1.2,6.5
36,2018,518.5,26.2,13.6,24.6,NY,29781,179,27477,344,2297,27,3560,121,13654,475,7080,292,3565,140,4599,192,18550,196,5049,168,New York,1,59,1.8789744199763083,700.2,101.6,1.7,5.8
37,2008,147.2,5.4,3.1,34.1,NA,NA,NA,NA,NA,NA,NA,NA,NA,NA,NA,NA,NA,NA,NA,NA,NA,NA,NA,NA,NA,North Carolina,0,NA,1.9351795267655163,652.1,188.6,0.9,10.4
37,2009,170.1,10.3,6.2,30.9,NA,NA,NA,NA,NA,NA,NA,NA,NA,NA,NA,NA,NA,NA,NA,NA,NA,NA,NA,NA,NA,North Carolina,0,NA,1.9351795267655163,691.6,164.9,2.3,9.8
37,2010,171.9,7.3,4.1,28.2,NA,NA,NA,NA,NA,NA,NA,NA,NA,NA,NA,NA,NA,NA,NA,NA,NA,NA,NA,NA,NA,North Carolina,0,22,1.9351795267655163,689.9,169.5,1.1,8.5
37,2011,246.2,8.5,4.5,28.1,NA,NA,NA,NA,NA,NA,NA,NA,NA,NA,NA,NA,NA,NA,NA,NA,NA,NA,NA,NA,NA,North Carolina,0,45,1.9351795267655163,868.3,203.5,0.6,7.8
37,2012,239.1,6.5,3.6,24,NC,212,3,111,3,89,2,33,2,44,3,52,4,52,4,69,4,130,2,NA,NA,North Carolina,1,61,1.9351795267655163,782.8,161.9,0.7,6.5
37,2013,234.7,7.7,4.1,25.6,NC,190,2,108,3,71,2,26,2,50,4,48,4,46,3,59,3,108,2,5,1,North Carolina,1,53,1.9351795267655163,735.7,149.5,0.7,5.8
37,2014,240.7,13.8,7.4,25.8,NC,326,4,253,6,73,2,42,3,90,7,98,8,65,5,85,5,204,4,14,2,North Carolina,1,50,1.9351795267655163,696.3,152.2,1.3,6.1
37,2015,352,22.2,11.9,26.4,NC,823,10,719,18,106,2,117,7,281,21,202,16,163,12,224,13,524,9,41,6,North Carolina,1,51,1.9351795267655163,916.6,195.5,2.2,5.9
37,2016,342.2,19.7,10.7,27.3,NC,1656,19,1489,36,166,4,212,13,634,47,351,27,328,24,424,23,1063,19,122,19,North Carolina,1,52,1.9351795267655163,788.4,182.8,2.1,5.7
37,2017,386.1,20.2,11.1,25,NC,2516,29,2300,55,217,5,314,19,956,70,524,41,471,34,667,36,1648,29,134,20,North Carolina,1,43,1.9351795267655163,826.8,208.9,2.4,5.6
37,2018,417.9,18.6,10.6,22.4,NC,4016,46,3689,88,327,7,578,35,1616,116,813,63,643,47,1136,61,2609,46,216,30,North Carolina,1,37,1.9351795267655163,852.5,215.3,3,5.2
38,2008,195.3,0,0,4.4,NA,NA,NA,NA,NA,NA,NA,NA,NA,NA,NA,NA,NA,NA,NA,NA,NA,NA,NA,NA,NA,North Dakota,0,NA,1.3942487240134445,405.4,29.2,0,0.4
38,2009,201.3,0.9,0.6,4,NA,NA,NA,NA,NA,NA,NA,NA,NA,NA,NA,NA,NA,NA,NA,NA,NA,NA,NA,NA,NA,North Dakota,0,NA,1.3942487240134445,404.1,27.4,0.3,0.4
38,2010,241,0.6,0.4,3.2,NA,NA,NA,NA,NA,NA,NA,NA,NA,NA,NA,NA,NA,NA,NA,NA,NA,NA,NA,NA,NA,North Dakota,0,0,1.3942487240134445,472.7,42,0.3,1.8
38,2011,242.2,0.3,0.1,3.8,NA,NA,NA,NA,NA,NA,NA,NA,NA,NA,NA,NA,NA,NA,NA,NA,NA,NA,NA,NA,NA,North Dakota,0,32,1.3942487240134445,474.2,44.1,0,0.7
38,2012,283.4,1.1,0.6,2,ND,3,1,NA,NA,NA,NA,NA,NA,NA,NA,NA,NA,NA,NA,NA,NA,NA,NA,NA,NA,North Dakota,1,65,1.3942487240134445,550.5,60,0,1
38,2013,273.8,3,1.7,4.9,ND,7,1,5,2,NA,NA,NA,NA,NA,NA,NA,NA,NA,NA,NA,NA,NA,NA,NA,NA,North Dakota,1,49,1.3942487240134445,544.1,85.2,0.3,1.4
38,2014,330.7,2.1,1.8,5.4,ND,13,2,11,4,NA,NA,NA,NA,6,6,6,7,NA,NA,NA,NA,NA,NA,NA,NA,North Dakota,1,72,1.3942487240134445,612.2,107,1.4,1
38,2015,292.1,2.8,1.5,4.4,ND,31,5,28,9,3,1,8,6,9,8,13,15,NA,NA,NA,NA,23,4,NA,NA,North Dakota,1,72,1.3942487240134445,552.8,102.2,0,2
38,2016,327.6,7.8,4.4,8.1,ND,54,9,50,16,NA,NA,13,10,15,13,13,15,9,11,NA,NA,49,9,NA,NA,North Dakota,1,61,1.3942487240134445,595.2,140.4,0.8,5.9
38,2017,297.7,10.1,5.8,10,ND,83,13,71,22,7,2,12,9,30,26,28,32,11,13,3,18,70,13,NA,NA,North Dakota,1,49,1.3942487240134445,577.6,143.4,1.4,2.3
38,2018,314.9,8,5.4,6.9,ND,133,21,118,37,6,2,21,16,51,45,41,45,16,20,9,50,122,23,NA,NA,North Dakota,1,45,1.3942487240134445,622.4,191.3,2.7,4.6
39,2008,192.7,5.1,3,18,NA,NA,NA,NA,NA,NA,NA,NA,NA,NA,NA,NA,NA,NA,NA,NA,NA,NA,NA,NA,NA,Ohio,0,NA,1.4419140613154624,593.8,165.9,1.1,4.3
39,2009,194.8,5.3,3.1,17.4,NA,NA,NA,NA,NA,NA,NA,NA,NA,NA,NA,NA,NA,NA,NA,NA,NA,NA,NA,NA,NA,Ohio,0,NA,1.4419140613154624,622.7,165.6,1.1,4.5
39,2010,218.7,7,4.6,17.5,NA,NA,NA,NA,NA,NA,NA,NA,NA,NA,NA,NA,NA,NA,NA,NA,NA,NA,NA,NA,NA,Ohio,0,21,1.4419140613154624,654.3,169.9,2.2,3.3
39,2011,243.5,5.9,3.8,17.6,NA,NA,NA,NA,NA,NA,NA,NA,NA,NA,NA,NA,NA,NA,NA,NA,NA,NA,NA,NA,NA,Ohio,0,38,1.4419140613154624,658.9,169.5,1.8,4.4
39,2012,252.6,6,3.7,17.7,OH,298,3,162,3,134,3,53,3,85,6,76,5,57,3,66,6,202,3,25,9,Ohio,1,56,1.4419140613154624,658.6,164.4,1.4,3.5
39,2013,261.8,6.6,3.8,18.1,OH,260,3,144,3,116,2,64,3,84,6,46,3,45,3,77,7,153,2,21,7,Ohio,1,53,1.4419140613154624,647.6,155.2,1.1,3.5
39,2014,278.7,8.7,4.9,17.1,OH,388,4,279,6,111,2,66,4,121,8,104,7,66,4,84,7,273,3,13,4,Ohio,1,55,1.4419140613154624,658.9,147.5,1.3,2.6
39,2015,297.1,8.6,4.8,15.6,OH,1036,11,877,19,162,3,143,8,395,27,267,19,157,10,186,16,777,10,38,13,Ohio,1,51,1.4419140613154624,671.7,142.8,1.1,3.6
39,2016,328.1,10.9,6.2,16.1,OH,2441,25,2149,45,291,6,342,19,953,63,582,42,364,24,430,37,1840,23,110,35,Ohio,1,66,1.4419140613154624,704.3,170.7,1.6,3.8
39,2017,337,12.6,7.1,16.9,OH,3538,36,3233,68,305,6,521,28,1426,93,798,58,525,35,596,51,2667,34,180,55,Ohio,1,47,1.4419140613154624,708.6,197.4,1.9,3.5
39,2018,359,11.3,6.3,16.8,OH,4875,50,4481,94,394,8,764,42,1995,129,1071,77,678,46,808,68,3750,48,202,60,Ohio,1,43,1.4419140613154624,716.7,204,1.5,3.4
40,2008,200.4,3.4,2.4,16.2,NA,NA,NA,NA,NA,NA,NA,NA,NA,NA,NA,NA,NA,NA,NA,NA,NA,NA,NA,NA,NA,Oklahoma,0,NA,1.304062750431045,603.9,161,1.4,3.1
40,2009,212.8,4,2.6,16.6,NA,NA,NA,NA,NA,NA,NA,NA,NA,NA,NA,NA,NA,NA,NA,NA,NA,NA,NA,NA,NA,Oklahoma,0,NA,1.304062750431045,596.1,150.8,1.3,3.3
40,2010,214.9,4.1,2.4,15.5,NA,NA,NA,NA,NA,NA,NA,NA,NA,NA,NA,NA,NA,NA,NA,NA,NA,NA,NA,NA,NA,Oklahoma,0,38,1.304062750431045,542.1,131.2,0.8,3.1
40,2011,205.5,3.8,2.2,16.6,NA,NA,NA,NA,NA,NA,NA,NA,NA,NA,NA,NA,NA,NA,NA,NA,NA,NA,NA,NA,NA,Oklahoma,0,47,1.304062750431045,540.7,125.1,0.6,3.6
40,2012,237.9,4.1,2.2,15.3,OK,37,1,25,2,13,1,3,0,8,2,7,2,16,3,4,2,23,1,3,1,Oklahoma,1,71,1.304062750431045,640.1,137.6,0.3,3
40,2013,273.1,5.5,3.1,18.3,OK,23,1,17,1,6,0,NA,NA,14,3,0,0,4,1,4,2,16,1,NA,NA,Oklahoma,1,69,1.304062750431045,672,154.3,0.7,2.9
40,2014,301.9,7.1,3.9,16,OK,48,2,40,3,8,0,8,1,17,3,12,3,6,1,6,3,39,2,NA,NA,Oklahoma,1,69,1.304062750431045,759.2,176.4,0.8,3.2
40,2015,315.9,9.7,5.3,16.8,OK,174,5,159,10,15,1,18,3,64,12,56,12,29,6,16,7,139,6,9,3,Oklahoma,1,60,1.304062750431045,755.7,181.5,1.1,2.7
40,2016,334.9,11.5,6.7,15.4,OK,336,10,306,19,30,2,43,7,118,22,93,19,69,14,24,10,282,13,20,7,Oklahoma,1,73,1.304062750431045,753.9,204.6,2.1,3.3
40,2017,337.2,15.7,9.5,15.8,OK,532,16,474,30,60,4,71,11,194,36,131,27,100,21,55,23,420,19,36,12,Oklahoma,1,58,1.304062750431045,765.5,238,3.4,3
40,2018,342.8,19.8,13.5,14.3,OK,801,25,751,47,49,3,104,16,304,56,186,38,140,30,83,35,632,29,52,17,Oklahoma,1,48,1.304062750431045,768.7,229.2,7.2,3
41,2008,176.5,1.3,0.7,15.4,NA,NA,NA,NA,NA,NA,NA,NA,NA,NA,NA,NA,NA,NA,NA,NA,NA,NA,NA,NA,NA,Oregon,0,NA,2.4077161228864012,390.2,29,0.1,3
41,2009,177.1,3,1.5,14.1,NA,NA,NA,NA,NA,NA,NA,NA,NA,NA,NA,NA,NA,NA,NA,NA,NA,NA,NA,NA,NA,Oregon,0,NA,2.4077161228864012,422.6,26.2,0.1,1.5
41,2010,199.4,3.7,1.9,13.3,NA,NA,NA,NA,NA,NA,NA,NA,NA,NA,NA,NA,NA,NA,NA,NA,NA,NA,NA,NA,NA,Oregon,0,28,2.4077161228864012,441.9,24.6,0.1,1.7
41,2011,216.8,5.1,2.5,13.3,NA,NA,NA,NA,NA,NA,NA,NA,NA,NA,NA,NA,NA,NA,NA,NA,NA,NA,NA,NA,NA,Oregon,0,48,2.4077161228864012,485,30.8,0,1.5
41,2012,208.7,10.7,5.4,14.8,OR,81,2,31,2,48,3,18,3,25,5,17,3,16,3,4,7,67,3,8,2,Oregon,1,58,2.4077161228864012,478.6,26.8,0.3,1.8
41,2013,218.6,13.1,6.8,12.6,OR,110,3,62,4,48,3,18,3,42,8,26,5,14,3,5,9,93,4,8,2,Oregon,1,43,2.4077161228864012,501.3,28.6,0.6,1.6
41,2014,252.4,12.7,6.9,12.9,OR,243,7,217,13,27,2,27,4,92,17,68,13,47,9,17,29,202,8,12,3,Oregon,1,38,2.4077161228864012,526.9,39.3,1.1,1.3
41,2015,262.6,15.6,8.6,11.8,OR,685,20,634,38,52,3,75,12,262,47,191,36,111,22,30,50,574,21,49,13,Oregon,1,42,2.4077161228864012,546.4,57.1,1.7,1.4
41,2016,289.9,14.4,8,11.9,OR,1359,39,1259,74,99,6,133,22,545,94,362,68,213,41,50,81,1166,43,93,24,Oregon,1,53,2.4077161228864012,559.4,73.6,1.7,1.5
41,2017,312.2,14.5,8.5,9.6,OR,1958,56,1808,104,152,9,212,35,784,133,513,94,316,61,88,138,1653,60,153,38,Oregon,1,44,2.4077161228864012,584,91.9,2.5,2.1
41,2018,320.2,16,10.1,11,OR,2676,75,2477,141,200,11,357,58,1072,180,640,115,398,78,84,128,2276,82,240,58,Oregon,1,42,2.4077161228864012,595.9,106.4,4.4,1.9
42,2008,191.4,4.1,2.2,24.2,NA,NA,NA,NA,NA,NA,NA,NA,NA,NA,NA,NA,NA,NA,NA,NA,NA,NA,NA,NA,NA,Pennsylvania,0,NA,1.2412770950410672,473.8,96.4,0.3,9.1
42,2009,206.5,4.9,2.7,23.4,NA,NA,NA,NA,NA,NA,NA,NA,NA,NA,NA,NA,NA,NA,NA,NA,NA,NA,NA,NA,NA,Pennsylvania,0,NA,1.2412770950410672,470.2,87.6,0.7,7.5
42,2010,230.7,5.4,2.9,21.4,NA,NA,NA,NA,NA,NA,NA,NA,NA,NA,NA,NA,NA,NA,NA,NA,NA,NA,NA,NA,NA,Pennsylvania,0,32,1.2412770950410672,509.2,111.6,0.6,6.3
42,2011,263.2,5.5,2.9,20,NA,NA,NA,NA,NA,NA,NA,NA,NA,NA,NA,NA,NA,NA,NA,NA,NA,NA,NA,NA,NA,Pennsylvania,0,53,1.2412770950410672,558.6,117.8,0.5,5.5
42,2012,278.9,7.4,3.9,20.2,PA,360,3,169,3,190,3,78,4,116,7,79,5,65,3,71,6,230,3,30,5,Pennsylvania,1,69,1.2412770950410672,575.1,128,0.5,6.3
42,2013,262,7.1,3.7,19.4,PA,450,4,235,4,215,4,108,5,156,10,87,6,56,3,126,11,261,3,27,5,Pennsylvania,1,60,1.2412770950410672,546,110.3,0.4,4.7
42,2014,260.9,7.8,4.2,17.9,PA,734,7,564,11,169,3,158,8,281,17,143,9,95,5,136,12,500,6,62,10,Pennsylvania,1,61,1.2412770950410672,522.9,94.3,0.7,4.4
42,2015,290.9,9.6,5.1,17.2,PA,1744,16,1496,28,244,4,306,15,686,41,372,25,261,15,366,33,1195,14,121,19,Pennsylvania,1,56,1.2412770950410672,539.2,90.2,0.8,4.4
42,2016,317,11.1,5.9,16.7,PA,3701,34,3313,63,387,7,633,32,1483,89,789,53,518,30,731,65,2608,30,245,37,Pennsylvania,1,60,1.2412770950410672,567.6,94,1,4.5
42,2017,322.3,11.5,6.2,16.5,PA,6162,57,5595,106,565,10,1074,55,2579,153,1267,85,802,47,1100,97,4405,52,453,65,Pennsylvania,1,57,1.2412770950410672,554.7,91.1,1.2,4.2
42,2018,340.4,11.1,6.2,15,PA,8592,79,7679,145,911,16,1516,79,3577,211,1755,117,1117,68,1618,142,6010,71,662,91,Pennsylvania,1,46,1.2412770950410672,581,92.7,1.5,4
44,2008,177.6,3.5,1.7,18.4,NA,NA,NA,NA,NA,NA,NA,NA,NA,NA,NA,NA,NA,NA,NA,NA,NA,NA,NA,NA,NA,Rhode Island,0,NA,1.907032181168057,441.8,24.9,0,9.3
44,2009,196.5,3.7,1.9,21.6,NA,NA,NA,NA,NA,NA,NA,NA,NA,NA,NA,NA,NA,NA,NA,NA,NA,NA,NA,NA,NA,Rhode Island,0,NA,1.907032181168057,480,26.9,0.2,5.2
44,2010,196.8,7.7,3.9,20.5,NA,NA,NA,NA,NA,NA,NA,NA,NA,NA,NA,NA,NA,NA,NA,NA,NA,NA,NA,NA,NA,Rhode Island,0,36,1.907032181168057,454.9,22.2,0.4,5.5
44,2011,228,8.4,4.4,18.6,NA,NA,NA,NA,NA,NA,NA,NA,NA,NA,NA,NA,NA,NA,NA,NA,NA,NA,NA,NA,NA,Rhode Island,0,66,1.907032181168057,548.6,30.7,0.6,3.2
44,2012,239.3,8.4,4.2,13.9,RI,45,5,29,7,17,4,6,3,15,11,16,12,7,4,NA,NA,34,5,11,10,Rhode Island,1,99,1.907032181168057,568.2,42.6,0.2,4
44,2013,248,8.6,4.3,13.8,RI,79,9,43,10,36,8,20,11,27,20,19,15,10,6,7,15,55,8,19,17,Rhode Island,1,81,1.907032181168057,559.7,35.3,0.2,3.6
44,2014,256.2,12.9,6.7,17,RI,144,16,111,25,33,7,31,17,55,40,26,21,21,14,3,6,107,15,23,20,Rhode Island,1,85,1.907032181168057,558.5,40.1,0.9,3.4
44,2015,294.6,14.2,7.3,10.7,RI,252,28,225,51,28,6,50,28,92,65,54,44,47,31,14,28,184,27,45,38,Rhode Island,1,72,1.907032181168057,564.1,31.7,0.7,3.6
44,2016,322.4,16.9,8.5,11.8,RI,414,46,387,88,28,6,72,41,145,101,94,76,77,52,20,39,307,45,77,64,Rhode Island,1,78,1.907032181168057,603.6,40.7,0.6,3.8
44,2017,355.6,12.5,6.7,15.3,RI,604,66,566,129,38,8,91,52,238,165,135,110,96,67,35,68,452,66,104,84,Rhode Island,1,77,1.907032181168057,636.8,65.8,1.3,3.4
44,2018,369.6,16.3,9.1,14,RI,807,88,763,173,44,9,134,78,316,216,166,134,130,93,50,95,593,87,136,105,Rhode Island,1,57,1.907032181168057,659.5,84.1,2.2,2.7
45,2008,260.9,3.9,2.2,27.4,NA,NA,NA,NA,NA,NA,NA,NA,NA,NA,NA,NA,NA,NA,NA,NA,NA,NA,NA,NA,NA,South Carolina,0,NA,1.6685989679237991,889.4,247.6,0.5,10.4
45,2009,243.9,5.1,2.7,31.7,NA,NA,NA,NA,NA,NA,NA,NA,NA,NA,NA,NA,NA,NA,NA,NA,NA,NA,NA,NA,NA,South Carolina,0,NA,1.6685989679237991,905.5,214.5,0.4,8.4
45,2010,250.7,6.5,3.3,30,NA,NA,NA,NA,NA,NA,NA,NA,NA,NA,NA,NA,NA,NA,NA,NA,NA,NA,NA,NA,NA,South Carolina,0,25,1.6685989679237991,875.4,206,0.4,9.5
45,2011,289.9,8.7,4.7,29.8,NA,NA,NA,NA,NA,NA,NA,NA,NA,NA,NA,NA,NA,NA,NA,NA,NA,NA,NA,NA,NA,South Carolina,0,51,1.6685989679237991,927.9,207.5,1,8.6
45,2012,287.4,8.3,4.8,28,SC,181,5,121,6,60,3,33,4,46,8,44,7,44,7,115,11,58,2,NA,NA,South Carolina,1,62,1.6685989679237991,845.3,182.1,1.4,7.5
45,2013,277.9,10,5.7,27.8,SC,85,2,51,3,35,2,16,2,28,5,15,3,19,3,42,4,32,1,5,3,South Carolina,1,55,1.6685989679237991,780,165.4,1.6,8.1
45,2014,314.8,9.7,5.2,31.7,SC,110,3,79,4,32,2,21,3,28,4,23,4,21,3,33,3,67,3,4,2,South Carolina,1,55,1.6685989679237991,829.6,182.5,0.9,6.5
45,2015,324.3,10.8,6,26.9,SC,201,5,162,8,39,2,24,3,69,11,58,10,28,4,64,6,117,4,4,2,South Carolina,1,59,1.6685989679237991,784.7,174.9,1.5,6.3
45,2016,344.3,11,6.4,29.6,SC,434,10,371,18,63,3,47,6,164,25,121,20,70,11,120,11,303,11,6,3,South Carolina,1,59,1.6685989679237991,775.4,184.6,2,7.1
45,2017,402.6,12.5,7.2,26.5,SC,712,17,639,31,72,3,74,9,282,42,180,30,120,18,232,21,449,16,14,7,South Carolina,1,57,1.6685989679237991,864.2,250.2,2.2,7.2
45,2018,445.5,12.9,7.6,27.3,SC,1240,29,1089,53,150,7,143,18,513,76,270,44,212,33,382,34,797,28,38,18,South Carolina,1,50,1.6685989679237991,870.9,267.7,2.6,7.3
46,2008,191.4,0,0.1,6.7,NA,NA,NA,NA,NA,NA,NA,NA,NA,NA,NA,NA,NA,NA,NA,NA,NA,NA,NA,NA,NA,South Dakota,0,NA,1.3113320948530216,543,61.4,0.2,1.8
46,2009,194.4,0,0,4.8,NA,NA,NA,NA,NA,NA,NA,NA,NA,NA,NA,NA,NA,NA,NA,NA,NA,NA,NA,NA,NA,South Dakota,0,NA,1.3113320948530216,546.1,46.9,0,2.1
46,2010,216.2,1,0.5,5.7,NA,NA,NA,NA,NA,NA,NA,NA,NA,NA,NA,NA,NA,NA,NA,NA,NA,NA,NA,NA,NA,South Dakota,0,0,1.3113320948530216,564.1,71.1,0,3.9
46,2011,221.1,0,0,3.9,NA,NA,NA,NA,NA,NA,NA,NA,NA,NA,NA,NA,NA,NA,NA,NA,NA,NA,NA,NA,NA,South Dakota,0,26,1.3113320948530216,607.2,97.3,0,1.8
46,2012,268,4.1,2.2,4.7,SD,6,1,3,1,4,1,NA,NA,NA,NA,NA,NA,4,4,NA,NA,NA,NA,NA,NA,South Dakota,1,45,1.3113320948530216,675.8,107.6,0.2,2.6
46,2013,267.6,6.8,5.2,6.7,SD,8,1,6,2,3,1,3,2,4,4,NA,NA,NA,NA,NA,NA,4,1,NA,NA,South Dakota,1,39,1.3113320948530216,667.3,110.9,3.6,2.9
46,2014,286.3,4.4,6.2,5.2,SD,15,2,11,3,4,1,5,4,5,4,NA,NA,NA,NA,NA,NA,10,2,4,20,South Dakota,1,56,1.3113320948530216,697.7,132.1,8.1,3.2
46,2015,259.8,7.4,4.6,4.9,SD,20,3,17,5,3,1,NA,NA,12,11,6,6,NA,NA,NA,NA,14,2,4,20,South Dakota,1,41,1.3113320948530216,668.1,146.6,1.7,2
46,2016,289.3,4.6,3,9.9,SD,40,6,32,9,6,2,5,4,19,17,11,11,5,5,NA,NA,25,4,9,42,South Dakota,1,56,1.3113320948530216,718.1,177,1.4,2
46,2017,304.8,6.6,3.8,8.6,SD,63,9,55,15,8,2,7,5,31,27,16,16,6,6,NA,NA,58,10,NA,NA,South Dakota,1,42,1.3113320948530216,715.8,167,0.9,2.5
46,2018,321.1,6.8,4.7,6.6,SD,110,15,95,26,13,4,12,9,49,42,31,30,13,13,3,21,95,16,6,25,South Dakota,1,43,1.3113320948530216,691.2,223.8,2.5,1.1
47,2008,248.5,9.7,6.6,29.1,NA,NA,NA,NA,NA,NA,NA,NA,NA,NA,NA,NA,NA,NA,NA,NA,NA,NA,NA,NA,NA,Tennessee,0,NA,1.5121958596077365,640.5,150.2,3.7,10.1
47,2009,262.4,9.2,6.4,26.8,NA,NA,NA,NA,NA,NA,NA,NA,NA,NA,NA,NA,NA,NA,NA,NA,NA,NA,NA,NA,NA,Tennessee,0,NA,1.5121958596077365,672.2,135.5,3.8,9
47,2010,250.1,7.4,4.4,25.7,NA,NA,NA,NA,NA,NA,NA,NA,NA,NA,NA,NA,NA,NA,NA,NA,NA,NA,NA,NA,NA,Tennessee,0,21,1.5121958596077365,631.1,119.2,1.5,7.2
47,2011,285.5,7.8,4.3,24.5,NA,NA,NA,NA,NA,NA,NA,NA,NA,NA,NA,NA,NA,NA,NA,NA,NA,NA,NA,NA,NA,Tennessee,0,50,1.5121958596077365,676.7,125.3,1,7.4
47,2012,310,7.5,4.1,25.3,TN,96,2,61,2,35,1,12,1,26,3,22,3,19,2,26,3,55,1,3,1,Tennessee,1,61,1.5121958596077365,687.3,142.7,0.9,6.9
47,2013,294,6.1,3.3,23.6,TN,94,2,60,2,34,1,6,1,30,4,32,4,12,1,12,1,68,2,NA,NA,Tennessee,1,53,1.5121958596077365,632.8,108.7,0.7,5.2
47,2014,300.5,6.4,3.6,22.4,TN,185,3,138,5,48,2,24,2,57,7,57,7,36,4,28,3,144,3,NA,NA,Tennessee,1,63,1.5121958596077365,632.8,102,1,5.6
47,2015,316,10.1,5.3,22.4,TN,494,9,419,16,76,3,53,5,162,18,140,17,95,11,98,11,384,9,8,3,Tennessee,1,59,1.5121958596077365,625.3,112.8,0.7,5
47,2016,326.5,10.3,5.9,21.6,TN,1032,19,911,34,122,4,127,12,364,41,246,30,205,23,204,22,785,19,32,13,Tennessee,1,67,1.5121958596077365,637.9,137.5,1.6,4.3
47,2017,358.5,13.5,7.3,21.8,TN,1690,30,1539,56,151,5,235,23,669,73,380,46,290,33,398,43,1200,28,58,23,Tennessee,1,52,1.5121958596077365,679.7,165,1.4,4.4
47,2018,395.1,14.7,8.2,22,TN,2614,46,2406,87,207,7,389,37,1030,110,579,69,414,47,628,68,1860,43,84,32,Tennessee,1,41,1.5121958596077365,725.5,192.7,1.9,4.6
48,2008,179.8,7.9,5.8,33.6,NA,NA,NA,NA,NA,NA,NA,NA,NA,NA,NA,NA,NA,NA,NA,NA,NA,NA,NA,NA,NA,Texas,0,NA,1.8730376255485977,649.7,140,3.7,9.6
48,2009,188.2,9.3,6.6,34.5,NA,NA,NA,NA,NA,NA,NA,NA,NA,NA,NA,NA,NA,NA,NA,NA,NA,NA,NA,NA,NA,Texas,0,NA,1.8730376255485977,666.2,129.7,4,9.7
48,2010,215.4,7.2,4.9,34.7,NA,NA,NA,NA,NA,NA,NA,NA,NA,NA,NA,NA,NA,NA,NA,NA,NA,NA,NA,NA,NA,Texas,0,34,1.8730376255485977,729.8,135.6,2.6,9.5
48,2011,232.2,7.2,4.6,33.3,NA,NA,NA,NA,NA,NA,NA,NA,NA,NA,NA,NA,NA,NA,NA,NA,NA,NA,NA,NA,NA,Texas,0,55,1.8730376255485977,737.5,127.5,2,8.4
48,2012,235.9,10.5,6.2,33.7,TX,565,3,354,3,210,2,61,1,147,4,144,4,144,4,68,3,294,3,140,2,Texas,1,70,1.8730376255485977,733.6,130.5,2,7.6
48,2013,243.3,9.9,5.6,33.3,TX,762,4,502,5,259,2,79,2,228,6,195,5,179,5,105,4,395,4,190,2,Texas,1,56,1.8730376255485977,726.7,129,1.3,7.5
48,2014,254.8,10.4,6.1,33.5,TX,1702,8,1353,13,348,3,165,3,599,15,476,13,317,9,202,8,1012,10,370,5,Texas,1,62,1.8730376255485977,714.1,127.1,1.8,7.3
48,2015,282.5,10.6,6.1,33.6,TX,4127,19,3695,34,430,4,427,9,1575,39,1114,30,719,21,413,16,2682,26,893,11,Texas,1,58,1.8730376255485977,738.7,129.1,1.7,7.4
48,2016,295.6,12.4,7,33.5,TX,7356,33,6759,61,593,5,752,16,2916,71,1809,48,1307,37,725,27,4635,45,1713,21,Texas,1,65,1.8730376255485977,723.3,132.5,1.6,6.8
48,2017,321.4,13.7,7.9,31.8,TX,11531,50,10726,95,796,7,1450,30,4621,110,2736,72,1807,51,1095,40,6970,68,3031,36,Texas,1,56,1.8730376255485977,744.4,147.2,2.2,6.5
48,2018,319.6,14.9,8.9,31.7,TX,17668,76,16455,143,1204,10,2301,47,7382,175,4146,107,2514,71,1764,63,10231,100,5009,58,Texas,1,47,1.8730376255485977,696.9,138.7,2.9,6.6
49,2008,148.6,1.7,0.9,10.8,NA,NA,NA,NA,NA,NA,NA,NA,NA,NA,NA,NA,NA,NA,NA,NA,NA,NA,NA,NA,NA,Utah,0,NA,2.037984219499623,294.4,10.1,0.1,1.8
49,2009,151.7,2.2,1.1,10.2,NA,NA,NA,NA,NA,NA,NA,NA,NA,NA,NA,NA,NA,NA,NA,NA,NA,NA,NA,NA,NA,Utah,0,NA,2.037984219499623,291.3,5.1,0,1.3
49,2010,158.9,4.5,2.3,6.7,NA,NA,NA,NA,NA,NA,NA,NA,NA,NA,NA,NA,NA,NA,NA,NA,NA,NA,NA,NA,NA,Utah,0,27,2.037984219499623,323.8,5.4,0.1,1.1
49,2011,160.2,1,0.5,8.5,NA,NA,NA,NA,NA,NA,NA,NA,NA,NA,NA,NA,NA,NA,NA,NA,NA,NA,NA,NA,NA,Utah,0,47,2.037984219499623,344.2,4.7,0,1.6
49,2012,171.9,2.9,1.5,9.4,UT,34,2,20,2,15,1,NA,NA,13,3,15,4,4,1,NA,NA,23,1,8,3,Utah,1,56,2.037984219499623,362.9,9.3,0,1.6
49,2013,170.5,4.9,2.6,8.4,UT,52,2,36,3,17,2,4,1,20,5,12,3,15,5,3,14,42,2,8,3,Utah,1,56,2.037984219499623,350.6,25.9,0.1,1.3
49,2014,190.1,3.1,1.6,8.6,UT,87,4,70,6,16,1,8,1,32,7,34,9,13,4,5,22,74,4,5,2,Utah,1,53,2.037984219499623,370.9,38.7,0.1,1.4
49,2015,195.2,4.2,2.2,9.4,UT,320,14,301,26,19,2,40,7,126,29,73,18,54,18,NA,NA,276,15,25,9,Utah,1,54,2.037984219499623,385,34.2,0.1,1
49,2016,223.6,5.6,3,10,UT,651,27,626,53,24,2,76,13,283,63,152,37,97,31,8,32,568,30,49,16,Utah,1,55,2.037984219499623,399.2,47.5,0.4,1.7
49,2017,225.1,7.2,3.8,8.5,UT,958,39,925,76,33,3,102,17,407,89,250,59,129,41,11,41,820,42,87,28,Utah,1,44,2.037984219499623,429.2,56.2,0.3,0.9
49,2018,235,10,5.4,8.8,UT,1378,55,1336,107,42,3,189,31,614,132,323,74,166,52,15,54,1171,59,131,40,Utah,1,37,2.037984219499623,434.9,60.2,0.6,0.8
50,2008,96.1,3.6,1.8,5.4,NA,NA,NA,NA,NA,NA,NA,NA,NA,NA,NA,NA,NA,NA,NA,NA,NA,NA,NA,NA,NA,Vermont,0,NA,1.516309887869521,284.4,6,0,1.1
50,2009,97,0,0,5,NA,NA,NA,NA,NA,NA,NA,NA,NA,NA,NA,NA,NA,NA,NA,NA,NA,NA,NA,NA,NA,Vermont,0,NA,1.516309887869521,282.1,9.2,0,1.5
50,2010,112.6,0.6,0.6,6.9,NA,NA,NA,NA,NA,NA,NA,NA,NA,NA,NA,NA,NA,NA,NA,NA,NA,NA,NA,NA,NA,Vermont,0,100,1.516309887869521,286.5,7.6,0.6,0.7
50,2011,121.9,2.9,1.4,4.5,NA,NA,NA,NA,NA,NA,NA,NA,NA,NA,NA,NA,NA,NA,NA,NA,NA,NA,NA,NA,NA,Vermont,0,27,1.516309887869521,347.9,7.5,0,0.4
50,2012,138.6,1.9,1,3.8,VT,7,1,4,2,3,1,NA,NA,3,4,NA,NA,NA,NA,NA,NA,5,1,NA,NA,Vermont,1,78,1.516309887869521,408.4,17,0,1.5
50,2013,169.3,1,0.5,4.5,VT,7,1,5,2,NA,NA,NA,NA,6,8,NA,NA,NA,NA,NA,NA,8,2,NA,NA,Vermont,1,60,1.516309887869521,415.8,14.5,0,0.4
50,2014,201.6,1.6,0.8,4.1,VT,17,3,15,6,3,1,NA,NA,5,7,6,8,4,4,NA,NA,15,3,NA,NA,Vermont,1,67,1.516309887869521,509.3,11.1,0,1.8
50,2015,177.9,2.9,1.4,3.8,VT,61,11,54,20,8,3,9,9,21,29,9,13,14,16,NA,NA,49,10,7,77,Vermont,1,69,1.516309887869521,427.1,26.9,0,1.8
50,2016,168.2,6.5,3.7,1.5,VT,127,23,117,44,10,4,25,24,35,48,23,33,29,34,5,84,104,21,20,213,Vermont,1,65,1.516309887869521,371,10.1,1,0
50,2017,198.2,3.9,2.1,5.3,VT,193,36,179,67,15,5,34,33,53,73,36,52,40,48,6,97,172,34,18,184,Vermont,1,68,1.516309887869521,393,27.5,0.3,2.2
50,2018,170.9,2.9,1.8,5.6,VT,271,50,252,95,20,7,52,52,69,93,59,84,40,50,8,125,241,48,16,158,Vermont,1,60,1.516309887869521,370.5,44.3,0.6,1.1
51,2008,208.5,6.3,3.4,25.2,NA,NA,NA,NA,NA,NA,NA,NA,NA,NA,NA,NA,NA,NA,NA,NA,NA,NA,NA,NA,NA,Virginia,0,NA,2.089713123790392,586.6,148,0.6,7.8
51,2009,218.1,7.2,3.8,23.4,NA,NA,NA,NA,NA,NA,NA,NA,NA,NA,NA,NA,NA,NA,NA,NA,NA,NA,NA,NA,NA,Virginia,0,NA,2.089713123790392,561,108.1,0.6,6.3
51,2010,213.2,6.6,3.5,23,NA,NA,NA,NA,NA,NA,NA,NA,NA,NA,NA,NA,NA,NA,NA,NA,NA,NA,NA,NA,NA,Virginia,0,38,2.089713123790392,547,101.5,0.5,6.9
51,2011,249.6,4.9,2.6,21.4,NA,NA,NA,NA,NA,NA,NA,NA,NA,NA,NA,NA,NA,NA,NA,NA,NA,NA,NA,NA,NA,Virginia,0,50,2.089713123790392,637.5,89.6,0.4,5.2
51,2012,254.8,6.6,3.5,22.4,VA,288,4,161,5,126,4,32,2,85,7,63,6,68,6,102,8,121,3,15,3,Virginia,1,67,2.089713123790392,592.5,89.7,0.5,5.3
51,2013,249.3,7.3,3.8,22.6,VA,177,3,106,3,69,2,14,1,48,4,40,4,42,4,29,2,93,2,13,2,Virginia,1,60,2.089713123790392,552.1,87.7,0.4,5.1
51,2014,275.1,6.7,3.5,21.1,VA,369,5,291,9,75,2,52,4,122,10,80,7,77,7,64,5,259,6,18,3,Virginia,1,44,2.089713123790392,586,103.2,0.4,5.4
51,2015,278.6,7.7,4,22.3,VA,897,13,774,23,116,3,97,7,362,31,181,17,181,15,102,8,710,16,52,9,Virginia,1,36,2.089713123790392,561.7,94.3,0.4,5.3
51,2016,323.7,9.7,5.5,21.2,VA,1587,22,1456,42,126,3,194,15,643,55,344,32,253,22,220,16,1188,26,96,16,Virginia,1,57,2.089713123790392,612,118.3,1.1,4.7
51,2017,343.6,11.3,6.3,19.4,VA,2218,31,2076,60,134,4,270,20,922,78,493,45,336,29,314,23,1592,35,188,31,Virginia,1,42,2.089713123790392,642.3,133.4,1.4,5
51,2018,356.8,14.7,8.3,19.6,VA,3309,46,3059,87,239,7,410,31,1424,120,718,65,489,43,448,33,2433,54,261,42,Virginia,1,37,2.089713123790392,644.9,120.6,1.8,4.7
53,2008,175.8,5.4,2.8,15.7,NA,NA,NA,NA,NA,NA,NA,NA,NA,NA,NA,NA,NA,NA,NA,NA,NA,NA,NA,NA,NA,Washington,0,NA,2.4426901899089786,474.1,46.3,0.2,3.1
53,2009,169.2,4,2.1,15.9,NA,NA,NA,NA,NA,NA,NA,NA,NA,NA,NA,NA,NA,NA,NA,NA,NA,NA,NA,NA,NA,Washington,0,NA,2.4426901899089786,471.8,28.4,0.2,2.8
53,2010,170,7.8,3.9,16.8,NA,NA,NA,NA,NA,NA,NA,NA,NA,NA,NA,NA,NA,NA,NA,NA,NA,NA,NA,NA,NA,Washington,0,35,2.4426901899089786,461.9,30.8,0.1,2.3
53,2011,195.1,9.5,4.8,14.6,NA,NA,NA,NA,NA,NA,NA,NA,NA,NA,NA,NA,NA,NA,NA,NA,NA,NA,NA,NA,NA,Washington,0,59,2.4426901899089786,486,31.1,0.2,2.3
53,2012,213,8.5,4.4,14.5,WA,362,6,193,7,169,6,64,6,105,11,86,9,67,7,21,10,275,6,14,2,Washington,1,67,2.4426901899089786,499.4,35.6,0.3,2.7
53,2013,215.8,7.8,4.1,12.8,WA,340,6,223,8,117,4,37,3,106,11,80,9,59,6,9,4,268,6,20,3,Washington,1,65,2.4426901899089786,500.1,48.8,0.4,2.4
53,2014,238,9.3,4.9,12.3,WA,957,16,852,29,106,4,89,8,335,33,270,29,180,19,52,25,772,18,84,14,Washington,1,66,2.4426901899089786,515.1,70.9,0.5,2.5
53,2015,269.7,11.6,6.2,12.7,WA,2509,42,2340,78,168,6,246,22,920,88,686,74,464,49,123,56,2015,46,233,37,Washington,1,61,2.4426901899089786,531.3,78,0.8,2.4
53,2016,300.9,14.1,7.7,10.6,WA,4157,68,3870,127,287,9,429,39,1603,147,1038,110,731,77,212,94,3319,76,417,64,Washington,1,67,2.4426901899089786,555.9,80.7,1.4,3
53,2017,315.4,16.3,9.1,11.1,WA,5671,91,5332,172,337,11,651,59,2272,202,1406,144,902,96,248,106,4462,101,622,91,Washington,1,47,2.4426901899089786,553,94,1.9,2.9
53,2018,345.4,18.6,10.7,11.5,WA,7363,116,6913,220,445,14,840,75,3012,262,1834,183,1059,114,332,137,5722,128,821,116,Washington,1,42,2.4426901899089786,570.2,104.3,2.7,4.2
54,2008,92.5,1,0.7,8.9,NA,NA,NA,NA,NA,NA,NA,NA,NA,NA,NA,NA,NA,NA,NA,NA,NA,NA,NA,NA,NA,West Virginia,0,NA,1.0776646053110222,269.2,46,0.4,1.6
54,2009,102.8,0.7,0.4,7.6,NA,NA,NA,NA,NA,NA,NA,NA,NA,NA,NA,NA,NA,NA,NA,NA,NA,NA,NA,NA,NA,West Virginia,0,NA,1.0776646053110222,289.7,30.3,0.2,2
54,2010,114.2,0.7,0.3,8.1,NA,NA,NA,NA,NA,NA,NA,NA,NA,NA,NA,NA,NA,NA,NA,NA,NA,NA,NA,NA,NA,West Virginia,0,0,1.0776646053110222,301.3,34.7,0,1.2
54,2011,131.3,0.4,0.2,8.5,NA,NA,NA,NA,NA,NA,NA,NA,NA,NA,NA,NA,NA,NA,NA,NA,NA,NA,NA,NA,NA,West Virginia,0,48,1.0776646053110222,328.8,49.7,0,1.9
54,2012,151,0.7,0.4,8.1,WV,15,1,9,1,6,1,NA,NA,6,3,5,2,NA,NA,0,0,8,1,NA,NA,West Virginia,1,63,1.0776646053110222,362.3,46.6,0.2,1.9
54,2013,165.3,1.2,0.8,7.7,WV,24,2,16,2,9,1,3,1,4,2,5,2,12,5,0,0,12,1,NA,NA,West Virginia,1,65,1.0776646053110222,386.4,57.5,0.4,1.7
54,2014,149.2,2.4,1.5,8.6,WV,33,2,23,3,10,1,5,2,8,4,10,4,7,3,3,6,22,1,NA,NA,West Virginia,1,70,1.0776646053110222,358.6,49.3,0.6,1.9
54,2015,165.7,4.7,2.8,7.4,WV,74,5,66,9,9,1,12,4,25,11,19,8,14,6,4,7,70,5,NA,NA,West Virginia,1,67,1.0776646053110222,370.4,39.2,1,1.7
54,2016,164.6,4.7,2.9,7.1,WV,142,9,132,17,11,1,15,6,52,24,36,16,25,10,5,9,131,9,NA,NA,West Virginia,1,98,1.0776646053110222,359.8,45.6,1.1,1.6
54,2017,151.8,4.6,3.4,8.8,WV,281,18,249,33,32,4,52,20,96,44,53,24,50,21,11,21,258,18,8,36,West Virginia,1,75,1.0776646053110222,302.4,67.4,2.3,1.4
54,2018,137,5.1,3.6,9.1,WV,405,26,367,48,38,5,61,23,154,72,93,43,66,28,30,56,362,25,12,52,West Virginia,1,52,1.0776646053110222,260.6,59.5,2.1,2.9
55,2008,204.1,1.8,1.2,8,NA,NA,NA,NA,NA,NA,NA,NA,NA,NA,NA,NA,NA,NA,NA,NA,NA,NA,NA,NA,NA,Wisconsin,0,NA,1.4460495283018868,538,132.3,0.5,2.1
55,2009,204.3,1.2,0.8,9.2,NA,NA,NA,NA,NA,NA,NA,NA,NA,NA,NA,NA,NA,NA,NA,NA,NA,NA,NA,NA,NA,Wisconsin,0,NA,1.4460495283018868,529.2,109.5,0.4,2.6
55,2010,232.7,1.5,0.9,8.7,NA,NA,NA,NA,NA,NA,NA,NA,NA,NA,NA,NA,NA,NA,NA,NA,NA,NA,NA,NA,NA,Wisconsin,0,18,1.4460495283018868,581.1,110.4,0.2,1.9
55,2011,254.3,2.1,1.1,8.1,NA,NA,NA,NA,NA,NA,NA,NA,NA,NA,NA,NA,NA,NA,NA,NA,NA,NA,NA,NA,NA,Wisconsin,0,36,1.4460495283018868,605.6,101.2,0.2,1.9
55,2012,246.4,2.8,1.6,7.3,WI,76,2,42,2,35,1,14,1,8,1,28,4,15,2,NA,NA,64,2,3,1,Wisconsin,1,56,1.4460495283018868,580.8,91.7,0.4,1.8
55,2013,249.7,3,1.7,8.6,WI,97,2,53,2,43,2,19,2,33,5,15,2,23,3,9,3,62,2,6,2,Wisconsin,1,54,1.4460495283018868,569.6,85,0.3,1.6
55,2014,247.7,2.8,1.5,7.8,WI,178,4,141,6,37,2,19,2,72,10,49,7,25,3,6,2,146,4,13,5,Wisconsin,1,51,1.4460495283018868,555,70.7,0.2,1.2
55,2015,269,2.8,1.4,8.3,WI,417,9,388,16,30,1,67,7,135,19,94,14,103,13,27,10,334,8,44,17,Wisconsin,1,51,1.4460495283018868,575,88.3,0,1.1
55,2016,295.7,4.4,2.3,8.1,WI,877,18,808,34,71,3,143,15,314,43,192,28,165,21,48,17,696,17,106,39,Wisconsin,1,50,1.4460495283018868,633.3,109.9,0.2,1.3
55,2017,314.6,5.6,3,9.1,WI,1235,25,1161,48,74,3,190,20,457,62,273,39,205,27,83,29,984,24,127,45,Wisconsin,1,47,1.4460495283018868,641.3,127,0.4,1.6
55,2018,324.9,4.6,2.6,7.4,WI,1725,35,1617,67,109,4,310,34,673,91,339,48,261,35,126,44,1404,34,160,54,Wisconsin,1,43,1.4460495283018868,638,125.8,0.6,1
56,2008,207.8,0.4,0.6,7.2,NA,NA,NA,NA,NA,NA,NA,NA,NA,NA,NA,NA,NA,NA,NA,NA,NA,NA,NA,NA,NA,Wyoming,0,NA,1.3731825525040386,386.4,27.1,0.8,2.8
56,2009,279.7,0.7,0.6,7,NA,NA,NA,NA,NA,NA,NA,NA,NA,NA,NA,NA,NA,NA,NA,NA,NA,NA,NA,NA,NA,Wyoming,0,NA,1.3731825525040386,444.7,16.5,0.4,1.4
56,2010,280.8,0,0,6.8,NA,NA,NA,NA,NA,NA,NA,NA,NA,NA,NA,NA,NA,NA,NA,NA,NA,NA,NA,NA,NA,Wyoming,0,0,1.3731825525040386,471.6,6.9,0,1.3
56,2011,253.7,0,0,5.5,NA,NA,NA,NA,NA,NA,NA,NA,NA,NA,NA,NA,NA,NA,NA,NA,NA,NA,NA,NA,NA,Wyoming,0,46,1.3731825525040386,488.1,9,0,0.9
56,2012,207.3,1.4,0.7,2.5,WY,4,1,NA,NA,NA,NA,NA,NA,NA,NA,NA,NA,NA,NA,NA,NA,3,1,NA,NA,Wyoming,1,44,1.3731825525040386,529,6.7,0,0.4
56,2013,207.6,0.3,0.2,5.7,WY,5,1,4,2,NA,NA,NA,NA,NA,NA,NA,NA,0,0,NA,NA,0,0,NA,NA,Wyoming,1,47,1.3731825525040386,486.9,13.7,0,0.8
56,2014,208.1,1.3,0.7,3.3,WY,19,4,19,8,0,0,NA,NA,11,13,7,10,0,0,NA,NA,13,3,NA,NA,Wyoming,1,63,1.3731825525040386,474.2,21.4,0,0.8
56,2015,214.9,1.3,0.9,6.1,WY,15,3,13,5,3,1,NA,NA,4,5,5,7,NA,NA,NA,NA,7,2,0,0,Wyoming,1,64,1.3731825525040386,484.3,30,0.3,0.8
56,2016,235.9,2,1.2,7.3,WY,38,8,34,14,5,2,9,10,10,12,8,11,6,9,NA,NA,26,6,NA,NA,Wyoming,1,64,1.3731825525040386,474.4,42,0.3,0.8
56,2017,251,1.4,0.7,3.7,WY,46,10,41,17,5,2,6,7,15,19,8,11,7,11,3,57,23,6,0,0,Wyoming,1,61,1.3731825525040386,493.2,79,0,0.4
56,2018,253.8,6.1,4,4.5,WY,67,14,60,25,8,3,11,12,26,33,10,14,8,12,6,113,42,10,0,0,Wyoming,1,45,1.3731825525040386,501.9,55.8,1.8,0.4
